Q-Number;PatchNumber;Description;Commandline;Remarks;win95;win98;winme;winnt4sp1-5;winnt4sp6;win2000sp1-2;win2000sp3-4;winxp;winxpsp1;winxpsp2;win2003;win2003sp1;InstalledCriteria;RequiredCriteria
318202;MS02-008;XMLHTTP Control in MSXML 2.6 Can Allow Access to Local Files;Q318202_MSXML20_x86.exe /q:a /c:"dahotfix /q /n";;;;;;;;;;;x;;;RegRead($HSM & "\Updates\DataAccess\Q318202","IsInstalled")=1;FileExists(@SystemDir & "\msxml2.dll")
318203;MS02-008;XMLHTTP Control in MSXML 3.0 Can Allow Access to Local Files;Q318203_MSXML30_x86.exe  /q:a /c:"dahotfix /q /n";;;;;;;;;;;x;;;RegRead($HSM & "\Updates\DataAccess\Q318203","IsInstalled")=1;FileExists(@SystemDir & "\msxml3.dll")
317244;MS02-008;XMLHTTP Control in MSXML 4.0 Can Allow Access to Local Files;msxml.cmd;;;;;;;;;;;x;;;RegRead($HSM & "\Updates\MSXML4\Q317244","IsInstalled")=1;(FileGetVersion(@SystemDir & "\msxml4.dll") < "4.20.9406.0") and (FileGetVersion(@SystemDir & "\msxml4.dll") <> "0.0.0.0")
870669;;How to disable the ADODB.Stream object from Internet Explorer;Windows-KB870669-x86-ENU.exe /q:a /r:n;;;;;;;;;;;x;;;RegRead($HSM & "\Internet Explorer\ActiveX Compatibility\{00000566-0000-0010-8000-00AA006D2EA4}","Compatibility Flags")=1024;1
833407;;Update for the Bookshelf Symbol 7 font;Windows-KB833407-x86-enu.exe /passive /norestart;;;;;;;;;;;x;;;RegRead($HSM & "\Windows NT\CurrentVersion\HotFix\KB833407","Installed")=1 ;FileExists(@WindowsDir & "\fonts\bssym7.ttf")
885836;MS04-041;Vulnerability in WordPad Could Allow Code Execution;WindowsXP-KB885836-x86-ENU.exe /passive /norestart;;;;;;;;;;;x;;;RegRead($HSM & "\Windows NT\CurrentVersion\HotFix\KB885836","Installed")=1;FileExists(@SystemDir & "\dllcache\wordpad.exe") or FileExists(@ProgramFilesDir & "\Windows NT\Accessories\wordpad.exe")
873339;MS04-043;Vulnerability in HyperTerminal Could Allow Code Execution;WindowsXP-KB873339-x86-ENU.exe /passive /norestart;;;;;;;;;;;x;;;RegRead($HSM & "\Windows NT\CurrentVersion\HotFix\KB873339","Installed")=1;FileExists(@SystemDir & "\hypertrm.dll")
885835;MS04-044;Vulnerabilities in Windows Kernel and LSASS Could Allow Elevation of Privilege;WindowsXP-KB885835-x86-ENU.exe /passive /norestart;;;;;;;;;;;x;;;RegRead($HSM & "\Windows NT\CurrentVersion\HotFix\KB885835","Installed")=1;1
870763;MS04-045;- Vulnerability in WINS Could Allow Remote Code Execution (870763);;Only Server Sytems;;;;;;;;;;;;;;FALSE
890175;MS05-001;- Vulnerability in HTML Help Could Allow Code Execution;WindowsXP-KB890175-x86-ENU.exe /passive /norestart;replaced by MS06-046;;;;;;;;;;;;;RegRead($HSM & "\Windows NT\CurrentVersion\HotFix\KB890175","Installed")=1 or RegRead($HSM & "\Windows NT\CurrentVersion\HotFix\Q890175","Installed")=1;1
891711;MS05-002;- Vulnerability in Cursor and Icon Format Handling Could Allow Remote Code Execution (891711);;Only XP SP1;;;;;;;;;;;;;;FALSE
871250;MS05-003;- Vulnerability in the Indexing Service Could Allow Remote Code Execution (871250);;Only XP SP1;;;;;;;;;;;;;;FALSE
886903;MS05-004;ASP.NET Path Validation Vulnerability;NDP1.1sp1-KB886903-X86.exe /i /q;Only for .NET Framework 1.1sp1;;;;;;;;;;x;;;RegRead($HSM & "\Active Setup\Installed Components\{8EFA4753-7169-4CC3-A28B-0A1643B8A39B}","IsInstalled")=1;RegRead($HSM & "\NET Framework Setup\NDP\v1.1.4322","SP")=1
873352;MS05-005;- Vulnerability in Microsoft Office XP could allow Remote Code Execution (873352);;Only Office XP;;;;;;;;;;;;;;FALSE
887981;MS05-006;- Vulnerability in Windows SharePoint Services and SharePoint Team Services Could Allow Cross-Site Scripting and Spoofing Attacks (887981);;Only SharePoint Portal Server 2003;;;;;;;;;;;;;;FALSE
888302;MS05-007;Vulnerability in Windows Could Allow Information Disclosure;WindowsXP-KB888302-x86-ENU.exe /passive /norestart;;;;;;;;;;;x;;;RegRead($HSM & "\Windows NT\CurrentVersion\HotFix\KB888302","Installed")=1;1
890047;MS05-008;- Vulnerability in Windows Shell Could Allow Remote Code Execution (890047);;Replaced by MS05-016;;;;;;;;;;;;;;FALSE
887472;MS05-009;Vulnerability in PNG Processing Could Allow Remote Code Execution (890261);WindowsXP-KB887472-x86-enu.exe /passive /norestart;replaced by MS06-005 - Only a patch for Mseenger 4.7! MBSA didn't find it right.;;;;;;;;;;;;;RegRead($HSM & "\Windows NT\CurrentVersion\HotFix\KB887472","Installed")=1;1
885834;MS05-010;- Vulnerability in the License Logging Service Could Allow Code Execution (885834);;Only Win 2000 Server and Win 2003 Server;;;;;;;;;;;;;;FALSE
885250;MS05-011;- Vulnerability in Server Message Block Could Allow Remote Code Execution;WindowsXP-KB885250-x86-ENU.exe /passive /norestart;replaced by MS06-030;;;;;;;;;;;;;RegRead($HSM & "\Windows NT\CurrentVersion\HotFix\KB885250","Installed")=1;1
873333;MS05-012;- Vulnerability in OLE and COM Could Allow Remote Code Execution;WindowsXP-KB873333-x86-ENU.exe /passive /norestart;Replaced by MS05-051;;;;;;;;;;;;;RegRead($HSM & "\Windows NT\CurrentVersion\HotFix\KB873333","Installed")=1;1
891781;MS05-013;Vulnerability in the DHTML Editing Component ActiveX Control;WindowsXP-KB891781-x86-ENU.exe /passive /norestart;;;;;;;;;;;x;;;RegRead($HSM & "\Windows NT\CurrentVersion\HotFix\KB891781","Installed")=1;1
867282;MS05-014;- Cumulative Security Update for Internet Explorer (867282);;Replaced by MS05-020;;;;;;;;;;;;;;FALSE
888113;MS05-015;- Vulnerability in Hyperlink Object Library Could Allow Remote Code Execution;WindowsXP-KB888113-x86-ENU.exe /passive /norestart;replaced by MS06-050;;;;;;;;;;;;;RegRead($HSM & "\Windows NT\CurrentVersion\HotFix\KB888113","Installed")=1;1
887742;;Stop error '0x05 INVALID_PROCESS_ATTACH_ATTEMPT' in http.sys;WindowsXP-KB887742-x86-ENU.exe /passive /norestart;Only WinXP SP2;;;;;;;;;;x;;;RegRead($HSM & "\Updates\Windows XP\SP3\KB887742","Type")="Update";1
886185;;Update for Windows Firewall "My Network (subnet) only" scoping;WindowsXP-KB886185-x86-enu.exe /passive /norestart;Only WinXP SP2;;;;;;;;;;x;;;RegRead($HSM & "\Windows NT\CurrentVersion\HotFix\KB886185","Installed")=1;1
893086;MS05-016;- Vulnerability in Windows Shell Could Allow Remote Code Execution;WindowsXP-KB893086-x86-ENU.exe /passive /norestart;Replaced by MS05-049 and MS06-045;;;;;;;;;;;;;RegRead($HSM & "\Windows NT\CurrentVersion\HotFix\KB893086","Installed")=1;1
892944;MS05-017;- Vulnerability in Message Queuing Could Allow Code Execution (892944);;Nur fnr XP SP1;;;;;;;;;;;;;;FALSE
890859;MS05-018;Vulnerabilities in Windows Kernel Could Allow Elevation of Privilege;WindowsXP-KB890859-x86-ENU.exe /passive /norestart;;;;;;;;;;;x;;;RegRead($HSM & "\Windows NT\CurrentVersion\HotFix\KB890859","Installed")=1;1
893066;MS05-019;Vulnerabilities in TCP/IP Could Allow Remote Code Execution;WindowsXP-KB893066-v2-x86-ENU.exe /passive /norestart;replaced by MS06-007;;;;;;;;;;;;;RegRead($HSM & "\Windows NT\CurrentVersion\HotFix\KB893066","Installed")=1;1
890923;MS05-020;- Cumulative Security Update for Internet Explorer 6 on Windows XP SP2;WindowsXP-KB890923-x86-ENU.exe /passive /norestart;replaced by MS05-025;;;;;;;;;;;;;RegRead($HSM & "\Active Setup\Installed Components\{04d6265d-6b5d-41c3-9e7c-48be15919643}","IsInstalled")=1 or RegRead($HSM & "\Windows NT\CurrentVersion\HotFix\KB890923","Installed")=1;StringLeft(RegRead($HSM & "\Internet Explorer","Version"),8)="6.0.2900"
894549;MS05-021;- Vulnerability in Exchange Server Could Allow Remote Code Execution (894549);;;;;;;;;;;;;;;;FALSE
896597;MS05-022;- Neuinstall. MS Messenger 6.2;;;;;;;;;;;;;;;;FALSE
890169;MS05-023;- Vulnerabilities in Microsoft Word 2003 May Lead to Remote Code Execution;;replaced by MS06-027 - Q887979;;;;;;;;;;;;;;StringInStr(RegRead($HSM & "\Windows\CurrentVersion\App Paths\Winword.exe","Path"),"Office11",0,1)<>0
894320;MS05-024;- Vulnerability in Web View Could Allow Remote Code Execution (894320);;Only Win 2000 and 95-ME - replaced by MS05-049;;;;;;;;;;;;;;
883939;MS05-025;- Cumulative Security Update for Internet Explorer (883939);WindowsXP-KB883939-x86-ENU.exe /passive /norestart;;;;;;;;;;;;;;RegRead($HSM & "\Updates\Windows XP\SP3\KB883939","Type")="Update";(FileGetVersion(@WindowsDir & "\system32\browseui.dll") < "6.0.2900.2668") and (FileGetVersion(@WindowsDir & "\system32\browseui.dll") <> "0.0.0.0.")
896358;MS05-026;Vulnerability in HTML Help Could Allow Remote Code Execution (896358);WindowsXP-KB896358-x86-ENU.exe /passive /norestart;;;;;;;;;;;x;;;RegRead($HSM & "\Updates\Windows XP\SP3\KB896358","Type")="Update";(FileGetVersion(@WindowsDir & "\hh.exe") < "5.2.3790.2453") and (FileGetVersion(@WindowsDir & "\hh.exe") <> "0.0.0.0")
;;Enables HTML Help after MS05-026;HtmlHelpOn.exe;;;;;;;;;;;x;;;RegRead($HSM & "\HTMLHelp\1.x\ItssRestrictions","MaxAllowedZone")="00000004";RegRead($HSM & "\HTMLHelp\1.x\ItssRestrictions","MaxAllowedZone")<>"00000004"
896422;MS05-027;Vulnerability in Server Message Block Could Allow Remote Code Execution (896422);WindowsXP-KB896422-x86-ENU.exe /passive /norestart;;;;;;;;;;;x;;;RegRead($HSM & "\Updates\Windows XP\SP3\KB896422","Type")="Update";(FileGetVersion(@SystemDir & "\drivers\srv.sys") < "5.1.2600.2673") and (FileGetVersion(@SystemDir & "\drivers\srv.sys") <> "0.0.0.0")
896426;MS05-028;- Vulnerability in Web Client Service Could Allow Remote Code Execution (896426);;replaced by MS06-008 - Only Win XP SP 1;;;;;;;;;;;;;;
895179;MS05-029;- Vulnerability in Outlook Web Access for Exchange Server 5.5 Could Allow Cross-Site Scripting Attacks (895179);;Only Microsoft Exchange Server 5.5 Service Pack 4;;;;;;;;;;;;;;
897715;MS05-030;- Cumulative Security Update in Outlook Express (897715);;Only Win XP SP 1;;;;;;;;;;;;;;
898458;MS05-031;- Vulnerability in Step-by-Step Interactive Training Could Allow Remote Code Execution (898458);;Only when <Step-by-Step Interactive Training> is installed;;;;;;;;;;;;;;
890046;MS05-032;Vulnerability in Microsoft Agent Could Allow Spoofing (890046);WindowsXP-KB890046-x86-ENU.exe /passive /norestart;;;;;;;;;;;x;;;RegRead($HSM & "\Updates\Windows XP\SP3\KB890046","Type")="Update";(FileGetVersion(@WindowsDir & "\MSAgent\agentdpv.dll") < "2.0.0.3423") and (FileGetVersion(@WindowsDir & "\MSAgent\agentdpv.dll") <> "0.0.0.0")
896428;MS05-033;Vulnerability in Telnet Client Could Allow Information Disclosure (896428);WindowsXP-KB896428-x86-ENU.exe /passive /norestart;;;;;;;;;;;x;;;RegRead($HSM & "\Updates\Windows XP\SP3\KB896428","Type")="Update";(FileGetVersion(@WindowsDir & "\system32\telnet.exe") < "5.1.2600.2674") and (FileGetVersion(@WindowsDir & "\system32\telnet.exe") <> "0.0.0.0")
899753;MS05-034;- Cumulative Security Update for ISA Server 2000 (899753);;;;;;;;;;;;;;;;
903672;MS05-035;- Vulnerability in Microsoft Word Could Allow Remote Code Execution (903672);;Replace MS05-023 (Only Office 2000/2002 and Works Suite);;;;;;;;;;;;;;
901214;MS05-036;Vulnerability in Microsoft Color Management Module Could Allow Remote Code Execution (901214);WindowsXP-KB901214-x86-ENU.exe /passive /norestart;;;;;;;;;;;x;;;RegRead($HSM & "\Updates\Windows XP\SP3\KB901214","Type")="Update";(FileGetVersion(@WindowsDir & "\system32\icm32.dll") < "5.1.2600.2709") and (FileGetVersion(@WindowsDir & "\system32\icm32.dll") <> "0.0.0.0")
896727;MS05-038;- Cumulative Security Update for Internet Explorer (896727);WindowsXP-KB896727-x86-ENU.exe /passive /norestart;Relpaced by MS05-052;;;;;;;;;;;;;RegRead($HSM & "\Updates\Windows XP\SP3\KB896727","Type")="Update";(FileGetVersion(@WindowsDir & "\system32\browseui.dll") < "6.0.2900.2713") and (FileGetVersion(@WindowsDir & "\system32\browseui.dll") <> "0.0.0.0")
899588;MS05-039;- Vulnerability in Plug and Play Could Allow Remote Code Execution and Elevation of Privilege (899588);WindowsXP-KB899588-x86-ENU.exe /passive /norestart;Replaced by MS05-047;;;;;;;;;;;;;RegRead($HSM & "\Updates\Windows XP\SP3\KB899588","Type")="Update";(FileGetVersion(@WindowsDir & "\system32\Umpnpmgr.dll") < "5.1.2600.2710") and (FileGetVersion(@WindowsDir & "\system32\Umpnpmgr.dll") <> "0.0.0.0")
893756;MS05-040;Vulnerability in Telephony Service Could Allow Remote Code Execution (893756);WindowsXP-KB893756-x86-ENU.exe /passive /norestart;;;;;;;;;;;x;;;RegRead($HSM & "\Updates\Windows XP\SP3\KB893756","Type")="Update";(FileGetVersion(@WindowsDir & "\system32\Tapisrv.dll") < "5.1.2600.2716") and (FileGetVersion(@WindowsDir & "\system32\Tapisrv.dll") <> "0.0.0.0")
899591;MS05-041;Vulnerability in Remote Desktop Protocol Could Allow Denial of Service (899591);WindowsXP-KB899591-x86-ENU.exe /passive /norestart;;;;;;;;;;;x;;;RegRead($HSM & "\Updates\Windows XP\SP3\KB899591","Type")="Update";(FileGetVersion(@WindowsDir & "\system32\drivers\Rdpwd.sys") < "5.1.2600.2695") and (FileGetVersion(@WindowsDir & "\system32\drivers\Rdpwd.sys") <> "0.0.0.0")
899587;MS05-042;Vulnerabilities in Kerberos Could Allow Denial of Service, Information Disclosure, and Spoofing (899587);WindowsXP-KB899587-x86-ENU.exe /passive /norestart;;;;;;;;;;;x;;;RegRead($HSM & "\Updates\Windows XP\SP3\KB899587","Type")="Update";(FileGetVersion(@WindowsDir & "\system32\Kerberos.dll") < "5.1.2600.2698") and (FileGetVersion(@WindowsDir & "\system32\Kerberos.dll") <> "0.0.0.0")
896423;MS05-043;Vulnerability in Print Spooler Service Could Allow Remote Code Execution (896423);WindowsXP-KB896423-x86-ENU.exe /passive /norestart;;;;;;;;;;;x;;;RegRead($HSM & "\Updates\Windows XP\SP3\KB896423","Type")="Update";(FileGetVersion(@WindowsDir & "\system32\Spoolsv.exe") < "5.1.2600.2696") and (FileGetVersion(@WindowsDir & "\system32\Spoolsv.exe") <> "0.0.0.0")
905414;MS05-045;Vulnerability in Network Connection Manager Could Allow Denial of Service (905414);WindowsXP-KB905414-x86-ENU.exe /passive /norestart;;;;;;;;;;;x;;;RegRead($HSM & "\Updates\Windows XP\SP3\KB905414","Type")="Update";(FileGetVersion(@WindowsDir & "\system32\Netman.dll") < "5.1.2600.2743") and (FileGetVersion(@WindowsDir & "\system32\Netman.dll") <> "0.0.0.0")
899589;MS05-046;Vulnerability in the Client Service for NetWare Could Allow Remote Code Execution (899589);WindowsXP-KB899589-x86-ENU.exe /passive /norestart;Replace MS05-039;;;;;;;;;;x;;;RegRead($HSM & "\Updates\Windows XP\SP3\KB899589","Type")="Update";(FileGetVersion(@WindowsDir & "\system32\Nwwks.dll") < "5.1.2600.2736") and (FileGetVersion(@WindowsDir & "\system32\Nwwks.dll") <> "0.0.0.0")
905749;MS05-047;Vulnerability in Plug and Play Could Allow Remote Code Execution and Local Elevation of Privilege (905749);WindowsXP-KB905749-x86-ENU.exe /passive /norestart;;;;;;;;;;;x;;;RegRead($HSM & "\Updates\Windows XP\SP3\KB905749","Type")="Update";(FileGetVersion(@WindowsDir & "\system32\Umpnpmgr.dll") < "5.1.2600.2744") and (FileGetVersion(@WindowsDir & "\system32\Umpnpmgr.dll") <> "0.0.0.0")
907245;MS05-048;Vulnerability in the Microsoft Collaboration Data Objects Could Allow Remote Code Execution (907245);WindowsXP-KB901017-x86-ENU.exe /passive /norestart;;;;;;;;;;;x;;;RegRead($HSM & "\Updates\Windows XP\SP3\KB901017","Type")="Update";(FileGetVersion(@WindowsDir & "\system32\Cdosys.dll") < "6.2.4.0") and (FileGetVersion(@WindowsDir & "\system32\Cdosys.dll") <> "0.0.0.0")
900725;MS05-049;Vulnerabilities in Windows Shell Could Allow Remote Code Execution (900725);WindowsXP-KB900725-x86-ENU.exe /passive /norestart;;;;;;;;;;;x;;;RegRead($HSM & "\Updates\Windows XP\SP3\KB900725","Type")="Update";(FileGetVersion(@WindowsDir & "\system32\Shell32.dll") < "6.0.2900.2763") and (FileGetVersion(@WindowsDir & "\system32\Shell32.dll") <> "0.0.0.0")
904706;MS05-050;Vulnerability in DirectShow Could Allow Remote Code Execution (904706);WindowsXP-KB904706-x86-ENU.exe /passive /norestart;;;;;;;;;;;x;;;RegRead($HSM & "\Updates\Windows XP\SP3\KB904706","Type")="Update";(FileGetVersion(@WindowsDir & "\system32\Quartz.dll") < "6.5.2600.2749") and (FileGetVersion(@WindowsDir & "\system32\Quartz.dll") <> "0.0.0.0")
902400;MS05-051;Vulnerabilities in MSDTC and COM+ Could Allow Remote Code Execution (902400);WindowsXP-KB902400-x86-ENU.exe /passive /norestart;;;;;;;;;;;x;;;RegRead($HSM & "\Updates\Windows XP\SP3\KB902400","Type")="Update";(FileGetVersion(@WindowsDir & "\system32\Comsvcs.dll") < "2001.12.4414.308") and (FileGetVersion(@WindowsDir & "\system32\Comsvcs.dll") <> "0.0.0.0")
896688;MS05-052;- Cumulative Security Update for Internet Explorer (896688);WindowsXP-KB896688-x86-ENU.exe /passive /norestart;;;;;;;;;;;;;;RegRead($HSM & "\Updates\Windows XP\SP3\KB896688","Type")="Update";(FileGetVersion(@WindowsDir & "\system32\browseui.dll") < "6.0.2900.2753") and (FileGetVersion(@WindowsDir & "\system32\browseui.dll") <> "0.0.0.0")
896424;MS05-053;Vulnerabilities in Graphics Rendering Engine Could Allow Code Execution (896424);WindowsXP-KB896424-x86-ENU.exe /passive /norestart;critical;;;;;;;;;;x;;;RegRead($HSM & "\Updates\Windows XP\SP3\KB896424","Type")="Update";(FileGetVersion(@WindowsDir & "\system32\Win32k.sys") < "5.1.2600.2770") and (FileGetVersion(@WindowsDir & "\system32\Win32k.sys") <> "0.0.0.0")
905915;MS05-054;- Cumulative Security Update for Internet Explorer (905915);WindowsXP-KB905915-x86-ENU.exe /passive /norestart;critical - replaced by MS06-021;;;;;;;;;;;;;RegRead($HSM & "\Updates\Windows XP\SP3\KB905915","Type")="Update";(FileGetVersion(@WindowsDir & "\system32\Mshtml.dll") < "6.0.2900.2802") and (FileGetVersion(@WindowsDir & "\system32\Mshtml.dll") <> "0.0.0.0")
912919;MS06-001;Vulnerability in Graphics Rendering Engine Could Allow Remote Code Execution (912919);WindowsXP-KB912919-x86-ENU.exe /passive /norestart;critical;;;;;;;;;;x;;;RegRead($HSM & "\Updates\Windows XP\SP3\KB912919","Type")="Update";(FileGetVersion(@WindowsDir & "\system32\Gdi32.dll") < "5.1.2600.2818") and (FileGetVersion(@WindowsDir & "\system32\Gdi32.dll") <> "0.0.0.0")
908519;MS06-002;Vulnerability in Embedded Web Fonts Could Allow Remote Code Execution (908519);WindowsXP-KB908519-x86-ENU.exe /passive /norestart;critical;;;;;;;;;;x;;;RegRead($HSM & "\Updates\Windows XP\SP3\KB908519","Type")="Update";(FileGetVersion(@WindowsDir & "\system32\T2embed.dll") < "5.1.2600.2777") and (FileGetVersion(@WindowsDir & "\system32\T2embed.dll") <> "0.0.0.0")
911564;MS06-006;Vulnerability in Windows Media Player Plug-in with Non-Microsoft Internet Browsers Could Allow Remote Code Execution (911564);WindowsMedia-KB911564-x86-ENU.exe /passive /norestart;important;;;;;;;;;;x;;;RegRead($HSM & "\Updates\Windows Media Player\SP0\KB911564","Type")="Update";(FileGetVersion(@ProgramFilesDir  & "\Windows Media Player\npdsplay.dll") < "3.0.2.629") and (FileGetVersion(@ProgramFilesDir  & "\Windows Media Player\npdsplay.dll") <> "0.0.0.0")
913446;MS06-007;Vulnerability in TCP/IP Could Allow Denial of Service (913446);WindowsXP-KB913446-x86-ENU.exe /passive /norestart;;;;;;;;;;;x;;;RegRead($HSM & "\Updates\Windows XP\SP3\KB913446","Type")="Update";(FileGetVersion(@WindowsDir & "\system32\drivers\tcpip.sys") < "5.1.2600.2827") and (FileGetVersion(@WindowsDir & "\system32\drivers\tcpip.sys") <> "0.0.0.0")
911927;MS06-008;Vulnerability in Web Client Service Could Allow Remote Code Execution (911927);WindowsXP-KB911927-x86-ENU.exe /passive /norestart;important;;;;;;;;;;x;;;RegRead($HSM & "\Updates\Windows XP\SP3\KB911927","Type")="Update";(FileGetVersion(@WindowsDir & "\system32\Webclnt.dll") < "5.1.2600.2821") and (FileGetVersion(@WindowsDir & "\system32\Webclnt.dll") <> "0.0.0.0")
911562;MS06-014;Vulnerability in the Microsoft Data Access Components (MDAC) Function Could Allow Code Execution (911562);WindowsXP-KB911562-x86-ENU.exe /passive /norestart;critical;;;;;;;;;;x;;;RegRead($HSM & "\Updates\Windows XP\SP3\KB911562","Type")="Update";(FileGetVersion(@ProgramFilesDir & "\Common Files\System\msadc\Msadco.dll") < "2.81.1124.0") and (FileGetVersion(@ProgramFilesDir & "\Common Files\System\msadc\Msadco.dll") <> "0.0.0.0")
908531;MS06-015;Vulnerability in Windows Explorer Could Allow Remote Code Execution (908531);WindowsXP-KB908531-v2-x86-ENU.exe /passive /norestart;critical;;;;;;;;;;x;;;RegRead($HSM & "\Updates\Windows XP\SP3\KB908531","Type")="Update";(FileGetVersion(@WindowsDir & "\system32\shell32.dll") < "6.0.2900.2869") and (FileGetVersion(@WindowsDir & "\system32\shell32.dll") <> "0.0.0.0")
913580;MS06-018;Vulnerability in Microsoft Distributed Transaction Coordinator Could Allow Denial of Service (913580);WindowsXP-KB913580-x86-ENU.exe /passive /norestart;low;;;;;;;;;;x;;;RegRead($HSM & "\Updates\Windows XP\SP3\KB913580","Type")="Update";(FileGetVersion(@WindowsDir & "\system32\Msdtctm.dll") < "2001.12.4414.311") and (FileGetVersion(@WindowsDir & "\system32\Msdtctm.dll") <> "0.0.0.0")
913433;MS06-020;Vulnerabilities in Macromedia Flash Player from Adobe Could Allow Remote Code Execution (913433);Windows-KB913433-x86-ENU.exe /q:a /r:n;critical;;;;;;;;;;x;;;0;1
916281;MS06-021;- Cumulative Security Update for Internet Explorer (916281);WindowsXP-KB916281-x86-ENU.exe /passive /norestart;critical - replace MS05-054;;;;;;;;;;;;;RegRead($HSM & "\Updates\Windows XP\SP3\KB916281","Type")="Update";(FileGetVersion(@WindowsDir & "\system32\Shdocvw.dll") < "6.0.2900.2919") and (FileGetVersion(@WindowsDir & "\system32\Shdocvw.dll") <> "0.0.0.0")
918439;MS06-022;Vulnerability in ART Image Rendering Could Allow Remote Code Execution (918439);WindowsXP-KB918439-x86-ENU.exe /passive /norestart;critical;;;;;;;;;;x;;;RegRead($HSM & "\Updates\Windows XP\SP3\KB918439","Type")="Update";(FileGetVersion(@WindowsDir & "\system32\jgpl400.dll") < "54.0.0.0") and (FileGetVersion(@WindowsDir & "\system32\jgpl400.dll") <> "0.0.0.0")
917344;MS06-023;Vulnerability in Microsoft JScript Could Allow Remote Code Execution (917344);WindowsXP-KB917344-x86-ENU.exe /passive /norestart;critical;;;;;;;;;;x;;;RegRead($HSM & "\Updates\Windows XP\SP3\KB917344","Type")="Update";(FileGetVersion(@WindowsDir & "\system32\Jscript.dll") < "5.6.0.8831") and (FileGetVersion(@WindowsDir & "\system32\Jscript.dll") <> "0.0.0.0")
911280;MS06-025;Vulnerability in Routing and Remote Access Could Allow Remote Code Execution (911280);WindowsXP-KB911280-v2-x86-ENU.exe /passive /norestart;important;;;;;;;;;;x;;;RegRead($HSM & "\Updates\Windows XP\SP3\KB911280","Type")="Update";(FileGetVersion(@WindowsDir & "\system32\Rasmans.dll") < "5.1.2600.2936") and (FileGetVersion(@WindowsDir & "\system32\Rasmans.dll") <> "0.0.0.0")
914389;MS06-030;Vulnerability in Server Message Block Could Allow Elevation of Privilege (914389);WindowsXP-KB914389-x86-ENU.exe /passive /norestart;important;;;;;;;;;;x;;;RegRead($HSM & "\Updates\Windows XP\SP3\KB914389","Type")="Update";(FileGetVersion(@WindowsDir & "\system32\drivers\Mrxsmb.sys") < "5.1.2600.2902") and (FileGetVersion(@WindowsDir & "\system32\drivers\Mrxsmb.sys") <> "0.0.0.0")
917953;MS06-032;Vulnerability in TCP/IP Could Allow Remote Code Execution (917953);WindowsXP-KB917953-x86-ENU.exe /passive /norestart;moderate;;;;;;;;;;x;;;RegRead($HSM & "\Updates\Windows XP\SP3\KB917953","Type")="Update";(FileGetVersion(@WindowsDir & "\system32\drivers\Tcpip.sys") < "5.1.2600.2892") and (FileGetVersion(@WindowsDir & "\system32\drivers\Tcpip.sys") <> "0.0.0.0")
917537;MS06-034;- Vulnerability in Microsoft Internet Information Services using Active Server Pages Could Allow Remote Code Execution (917537);WindowsXP-KB917537-x86-ENU.exe /passive /norestart;important - IIS Patch;;;;;;;;;;;;;RegRead($HSM & "\Updates\Windows XP\SP3\KB917537","Type")="Update";(FileGetVersion(@WindowsDir & "\system32\inetsrv\asp.dll") < "5.1.2600.2889") and (FileGetVersion(@WindowsDir & "\system32\inetsrv\asp.dll") <> "0.0.0.0")
917159;MS06-035;Vulnerability in Server Service Could Allow Remote Code Execution (917159);WindowsXP-KB917159-x86-ENU.exe /passive /norestart;critical;;;;;;;;;;x;;;RegRead($HSM & "\Updates\Windows XP\SP3\KB917159","Type")="Update";(FileGetVersion(@WindowsDir & "\system32\drivers\srv.sys") < "5.1.2600.2893") and (FileGetVersion(@WindowsDir & "\system32\drivers\srv.sys") <> "0.0.0.0")
914388;MS06-036;Vulnerability in DHCP Client Service Could Allow Remote Code Execution (914388);WindowsXP-KB914388-x86-ENU.exe /passive /norestart;critical;;;;;;;;;;x;;;RegRead($HSM & "\Updates\Windows XP\SP3\KB914388","Type")="Update";(FileGetVersion(@WindowsDir & "\system32\Dhcpcsvc.dll") < "5.1.2600.2912") and (FileGetVersion(@WindowsDir & "\system32\Dhcpcsvc.dll") <> "0.0.0.0")
921883;MS06-040;Vulnerability in Server Service Could Allow Remote Code Execution (921883);WindowsXP-KB921883-x86-ENU.exe /passive /norestart;ER29 - critical;;;;;;;;;;x;;;RegRead($HSM & "\Updates\Windows XP\SP3\KB921883","Type")="Update";(FileGetVersion(@WindowsDir & "\system32\Netapi32.dll") < "5.1.2600.2952") and (FileGetVersion(@WindowsDir & "\system32\Netapi32.dll") <> "0.0.0.0")
920683;MS06-041;Vulnerabilities in DNS Resolution Could Allow Remote Code Execution (920683);WindowsXP-KB920683-x86-ENU.exe /passive /norestart;ER30 - critical;;;;;;;;;;x;;;RegRead($HSM & "\Updates\Windows XP\SP3\KB920683","Type")="Update";(FileGetVersion(@WindowsDir & "\system32\Dnsapi.dll") < "5.1.2600.2938") and (FileGetVersion(@WindowsDir & "\system32\Dnsapi.dll") <> "0.0.0.0")
918899;MS06-042;Cumulative Security Update for Internet Explorer (918899);WindowsXP-KB918899-x86-ENU.exe /passive /norestart;critical - replace MS06-021;;;;;;;;;;x;;;RegRead($HSM & "\Updates\Windows XP\SP3\KB918899","Type")="Update";(FileGetVersion(@WindowsDir & "\system32\Mshtml.dll") < "6.0.2900.2963") and (FileGetVersion(@WindowsDir & "\system32\Mshtml.dll") <> "0.0.0.0")
920214;MS06-043;Vulnerability in Microsoft Windows Could Allow Remote Code Execution (920214);WindowsXP-KB920214-x86-ENU.exe /passive /norestart;critical;;;;;;;;;;x;;;RegRead($HSM & "\Updates\Windows XP\SP3\KB920214","Type")="Update";(FileGetVersion(@WindowsDir & "\system32\Inetcomm.dll") < "6.0.2900.2962") and (FileGetVersion(@WindowsDir & "\system32\Inetcomm.dll") <> "0.0.0.0")
921398;MS06-045;Vulnerability in Windows Explorer Could Allow Remote Code Execution (921398);WindowsXP-KB921398-x86-ENU.exe /passive /norestart;important - replace MS05-016;;;;;;;;;;x;;;RegRead($HSM & "\Updates\Windows XP\SP3\KB921398","Type")="Update";(FileGetVersion(@WindowsDir & "\system32\Shell32.dll") < "6.0.2900.2951") and (FileGetVersion(@WindowsDir & "\system32\Shell32.dll") <> "0.0.0.0")
922616;MS06-046;Vulnerability in HTML Help Could Allow Remote Code Execution (922616);WindowsXP-KB922616-x86-ENU.exe /passive /norestart;critical - replace MS05-001;;;;;;;;;;x;;;RegRead($HSM & "\Updates\Windows XP\SP3\KB922616","Type")="Update";(FileGetVersion(@WindowsDir & "\system32\Hhctrl.ocx") < "5.2.3790.2744") and (FileGetVersion(@WindowsDir & "\system32\Hhctrl.ocx") <> "0.0.0.0")
920670;MS06-050;Vulnerabilities in Microsoft Windows Hyperlink Object Library Could Allow Remote Code Execution (920670);WindowsXP-KB920670-x86-ENU.exe/passive /norestart;important - replace MS05-015;;;;;;;;;;x;;;RegRead($HSM & "\Updates\Windows XP\SP3\KB920670","Type")="Update";(FileGetVersion(@WindowsDir & "\system32\Hlink.dll") < "5.2.3790.2748") and (FileGetVersion(@WindowsDir & "\system32\Hlink.dll") <> "0.0.0.0")
917422;MS06-051;Vulnerability in Windows Kernel Could Result in Remote Code Execution (917422);WindowsXP-KB917422-x86-ENU.exe /passive /norestart;critical;;;;;;;;;;x;;;RegRead($HSM & "\Updates\Windows XP\SP3\KB917422","Type")="Update";(FileGetVersion(@WindowsDir & "\system32\Kernel32.dll") < "5.1.2600.2945") and (FileGetVersion(@WindowsDir & "\system32\Kernel32.dll") <> "0.0.0.0")
999999;MSxx-xxx;Reboot;reboot.cmd;;;;;;;;;;;x;;;0;1
