﻿<?xml version="1.0" encoding="utf-8"?>
<AutoActionsList>
  <Action>
    <Type>Command</Type>
    <Activation>Hotkey</Activation>
    <Scope>Global</Scope>
    <Enabled>true</Enabled>
    <Command>quicklaunch.au3</Command>
    <ScriptText>Send("{enter}")</ScriptText>
    <SeparatorTitle>Work</SeparatorTitle>
    <ActivationHotkey>#q</ActivationHotkey>
    <ActivationWindow>Version Incompatibility*|*[Send &amp; File] functionality is not available</ActivationWindow>
    <ActivationProgram />
    <ActivationWindowRequireActive>true</ActivationWindowRequireActive>
    <ActivationProgramRequireActive>true</ActivationProgramRequireActive>
    <ScopeWindow>Teradata SQL Assistant</ScopeWindow>
    <ScopeProgram />
  </Action>
  <Action>
    <Type>Command</Type>
    <Activation>Hotkey</Activation>
    <Scope>Global</Scope>
    <Enabled>true</Enabled>
    <Command>center.au3</Command>
    <ScriptText />
    <SeparatorTitle />
    <ActivationHotkey>#^c</ActivationHotkey>
    <ActivationWindow />
    <ActivationProgram />
    <ActivationWindowRequireActive>true</ActivationWindowRequireActive>
    <ActivationProgramRequireActive>true</ActivationProgramRequireActive>
    <ScopeWindow />
    <ScopeProgram />
  </Action>
  <Action>
    <Type>Command</Type>
    <Activation>Hotkey</Activation>
    <Scope>Global</Scope>
    <Enabled>true</Enabled>
    <Command>resize.au3</Command>
    <ScriptText />
    <SeparatorTitle />
    <ActivationHotkey>#^r</ActivationHotkey>
    <ActivationWindow />
    <ActivationProgram />
    <ActivationWindowRequireActive>true</ActivationWindowRequireActive>
    <ActivationProgramRequireActive>true</ActivationProgramRequireActive>
    <ScopeWindow />
    <ScopeProgram />
  </Action>
  <Action>
    <Type>Command</Type>
    <Activation>Hotkey</Activation>
    <Scope>Global</Scope>
    <Enabled>true</Enabled>
    <Command>top.au3</Command>
    <ScriptText />
    <SeparatorTitle />
    <ActivationHotkey>#^t</ActivationHotkey>
    <ActivationWindow />
    <ActivationProgram />
    <ActivationWindowRequireActive>true</ActivationWindowRequireActive>
    <ActivationProgramRequireActive>true</ActivationProgramRequireActive>
    <ScopeWindow />
    <ScopeProgram />
  </Action>
  <Action>
    <Type>Command</Type>
    <Activation>Hotkey</Activation>
    <Scope>Global</Scope>
    <Enabled>true</Enabled>
    <Command>iexplore.au3</Command>
    <ScriptText />
    <SeparatorTitle />
    <ActivationHotkey>#i</ActivationHotkey>
    <ActivationWindow />
    <ActivationProgram />
    <ActivationWindowRequireActive>true</ActivationWindowRequireActive>
    <ActivationProgramRequireActive>true</ActivationProgramRequireActive>
    <ScopeWindow />
    <ScopeProgram />
  </Action>
  <Action>
    <Type>Command</Type>
    <Activation>Hotkey</Activation>
    <Scope>Global</Scope>
    <Enabled>true</Enabled>
    <Command>web.au3</Command>
    <ScriptText />
    <SeparatorTitle />
    <ActivationHotkey>#w</ActivationHotkey>
    <ActivationWindow />
    <ActivationProgram />
    <ActivationWindowRequireActive>true</ActivationWindowRequireActive>
    <ActivationProgramRequireActive>true</ActivationProgramRequireActive>
    <ScopeWindow />
    <ScopeProgram />
  </Action>
  <Action>
    <Type>Command</Type>
    <Activation>Hotkey</Activation>
    <Scope>Global</Scope>
    <Enabled>true</Enabled>
    <Command>google.au3</Command>
    <ScriptText />
    <SeparatorTitle />
    <ActivationHotkey>#g</ActivationHotkey>
    <ActivationWindow />
    <ActivationProgram />
    <ActivationWindowRequireActive>true</ActivationWindowRequireActive>
    <ActivationProgramRequireActive>true</ActivationProgramRequireActive>
    <ScopeWindow />
    <ScopeProgram />
  </Action>
  <Action>
    <Type>Command</Type>
    <Activation>Hotkey</Activation>
    <Scope>Global</Scope>
    <Enabled>true</Enabled>
    <Command>lmgtfy.au3</Command>
    <ScriptText>Send("{enter}")</ScriptText>
    <SeparatorTitle>Work</SeparatorTitle>
    <ActivationHotkey>#^g</ActivationHotkey>
    <ActivationWindow>Microsoft Excel*|*Cannot empty the Clipboard.</ActivationWindow>
    <ActivationProgram />
    <ActivationWindowRequireActive>true</ActivationWindowRequireActive>
    <ActivationProgramRequireActive>true</ActivationProgramRequireActive>
    <ScopeWindow>Teradata SQL Assistant</ScopeWindow>
    <ScopeProgram />
  </Action>
  <Action>
    <Type>Script</Type>
    <Activation>Hotkey</Activation>
    <Scope>WindowSpecific</Scope>
    <Enabled>true</Enabled>
    <Command>screenshot.au3</Command>
    <ScriptText>Send("! ep")</ScriptText>
    <SeparatorTitle />
    <ActivationHotkey>^v</ActivationHotkey>
    <ActivationWindow />
    <ActivationProgram />
    <ActivationWindowRequireActive>true</ActivationWindowRequireActive>
    <ActivationProgramRequireActive>true</ActivationProgramRequireActive>
    <ScopeWindow>[CLASS:ConsoleWindowClass]</ScopeWindow>
    <ScopeProgram />
  </Action>
  <Action>
    <Type>Script</Type>
    <Activation>Hotkey</Activation>
    <Scope>WindowSpecific</Scope>
    <Enabled>true</Enabled>
    <Command>screenshot.au3</Command>
    <ScriptText>Send("! c")</ScriptText>
    <SeparatorTitle />
    <ActivationHotkey>^d</ActivationHotkey>
    <ActivationWindow />
    <ActivationProgram />
    <ActivationWindowRequireActive>true</ActivationWindowRequireActive>
    <ActivationProgramRequireActive>true</ActivationProgramRequireActive>
    <ScopeWindow>[CLASS:ConsoleWindowClass]</ScopeWindow>
    <ScopeProgram />
  </Action>
  <Action>
    <Type>Separator</Type>
    <Activation>OnStartup</Activation>
    <Scope>Global</Scope>
    <Enabled>false</Enabled>
    <Command>multimedia.au3</Command>
    <ScriptText />
    <SeparatorTitle>System</SeparatorTitle>
    <ActivationHotkey />
    <ActivationWindow />
    <ActivationProgram />
    <ActivationWindowRequireActive>true</ActivationWindowRequireActive>
    <ActivationProgramRequireActive>true</ActivationProgramRequireActive>
    <ScopeWindow />
    <ScopeProgram />
  </Action>
  <Action>
    <Type>Command</Type>
    <Activation>Hotkey</Activation>
    <Scope>Global</Scope>
    <Enabled>true</Enabled>
    <Command>_close.au3</Command>
    <ScriptText />
    <SeparatorTitle />
    <ActivationHotkey>#{del}</ActivationHotkey>
    <ActivationWindow />
    <ActivationProgram />
    <ActivationWindowRequireActive>true</ActivationWindowRequireActive>
    <ActivationProgramRequireActive>true</ActivationProgramRequireActive>
    <ScopeWindow />
    <ScopeProgram />
  </Action>
  <Action>
    <Type>Command</Type>
    <Activation>Hotkey</Activation>
    <Scope>Global</Scope>
    <Enabled>true</Enabled>
    <Command>_restart.au3</Command>
    <ScriptText />
    <SeparatorTitle />
    <ActivationHotkey>#{pgup}</ActivationHotkey>
    <ActivationWindow />
    <ActivationProgram />
    <ActivationWindowRequireActive>true</ActivationWindowRequireActive>
    <ActivationProgramRequireActive>true</ActivationProgramRequireActive>
    <ScopeWindow />
    <ScopeProgram />
  </Action>
  <Action>
    <Type>Command</Type>
    <Activation>Hotkey</Activation>
    <Scope>Global</Scope>
    <Enabled>true</Enabled>
    <Command>_kill.exe</Command>
    <ScriptText />
    <SeparatorTitle />
    <ActivationHotkey>#{end}</ActivationHotkey>
    <ActivationWindow />
    <ActivationProgram />
    <ActivationWindowRequireActive>true</ActivationWindowRequireActive>
    <ActivationProgramRequireActive>true</ActivationProgramRequireActive>
    <ScopeWindow />
    <ScopeProgram />
  </Action>
  <Action>
    <Type>Command</Type>
    <Activation>Hotkey</Activation>
    <Scope>Global</Scope>
    <Enabled>true</Enabled>
    <Command>AU3Info.exe</Command>
    <ScriptText />
    <SeparatorTitle />
    <ActivationHotkey>#{f6}</ActivationHotkey>
    <ActivationWindow />
    <ActivationProgram />
    <ActivationWindowRequireActive>true</ActivationWindowRequireActive>
    <ActivationProgramRequireActive>true</ActivationProgramRequireActive>
    <ScopeWindow />
    <ScopeProgram />
  </Action>
  <Action>
    <Type>Command</Type>
    <Activation>Hotkey</Activation>
    <Scope>Global</Scope>
    <Enabled>true</Enabled>
    <Command>actedit.au3</Command>
    <ScriptText />
    <SeparatorTitle />
    <ActivationHotkey>#z</ActivationHotkey>
    <ActivationWindow />
    <ActivationProgram />
    <ActivationWindowRequireActive>true</ActivationWindowRequireActive>
    <ActivationProgramRequireActive>true</ActivationProgramRequireActive>
    <ScopeWindow />
    <ScopeProgram />
  </Action>
  <Action>
    <Type>Command</Type>
    <Activation>Hotkey</Activation>
    <Scope>Global</Scope>
    <Enabled>true</Enabled>
    <Command>newedit.au3</Command>
    <ScriptText />
    <SeparatorTitle />
    <ActivationHotkey>#x</ActivationHotkey>
    <ActivationWindow />
    <ActivationProgram />
    <ActivationWindowRequireActive>true</ActivationWindowRequireActive>
    <ActivationProgramRequireActive>true</ActivationProgramRequireActive>
    <ScopeWindow />
    <ScopeProgram />
  </Action>
  <Action>
    <Type>Command</Type>
    <Activation>Hotkey</Activation>
    <Scope>Global</Scope>
    <Enabled>true</Enabled>
    <Command>editauto.au3</Command>
    <ScriptText />
    <SeparatorTitle />
    <ActivationHotkey>^+{f7}</ActivationHotkey>
    <ActivationWindow />
    <ActivationProgram />
    <ActivationWindowRequireActive>true</ActivationWindowRequireActive>
    <ActivationProgramRequireActive>true</ActivationProgramRequireActive>
    <ScopeWindow />
    <ScopeProgram />
  </Action>
  <Action>
    <Type>Command</Type>
    <Activation>Hotkey</Activation>
    <Scope>WindowSpecific</Scope>
    <Enabled>true</Enabled>
    <Command>edittemp.au3</Command>
    <ScriptText />
    <SeparatorTitle />
    <ActivationHotkey>+{f7}</ActivationHotkey>
    <ActivationWindow />
    <ActivationProgram />
    <ActivationWindowRequireActive>true</ActivationWindowRequireActive>
    <ActivationProgramRequireActive>true</ActivationProgramRequireActive>
    <ScopeWindow>![REGEXPCLASS:BlueZone Mainframe]</ScopeWindow>
    <ScopeProgram />
  </Action>
  <Action>
    <Type>Command</Type>
    <Activation>Hotkey</Activation>
    <Scope>WindowSpecific</Scope>
    <Enabled>true</Enabled>
    <Command>temp.au3</Command>
    <ScriptText />
    <SeparatorTitle />
    <ActivationHotkey>{f7}</ActivationHotkey>
    <ActivationWindow />
    <ActivationProgram />
    <ActivationWindowRequireActive>true</ActivationWindowRequireActive>
    <ActivationProgramRequireActive>true</ActivationProgramRequireActive>
    <ScopeWindow>![REGEXPCLASS:BlueZone Mainframe]</ScopeWindow>
    <ScopeProgram />
  </Action>
  <Action>
    <Type>Command</Type>
    <Activation>Hotkey</Activation>
    <Scope>WindowSpecific</Scope>
    <Enabled>true</Enabled>
    <Command>temp.au3</Command>
    <ScriptText />
    <SeparatorTitle />
    <ActivationHotkey>!{f7}</ActivationHotkey>
    <ActivationWindow />
    <ActivationProgram />
    <ActivationWindowRequireActive>true</ActivationWindowRequireActive>
    <ActivationProgramRequireActive>true</ActivationProgramRequireActive>
    <ScopeWindow>[REGEXPCLASS:BlueZone Mainframe]</ScopeWindow>
    <ScopeProgram />
  </Action>
</AutoActionsList>