<?xml version="1.0" encoding="UTF-8" standalone="no" ?>

<document>
	<!-- comment text -->
	<UDF Name="AXml" Version="1.0" License="Freeware"/>
	<a attr1="value1" attr2="value2" attr3="value3" attr4="value4">Some Text</a>
	<Item>
		<SubItem>I am Sub Item 1</SubItem>
		<SubItem>I am Sub Item 2</SubItem>
		<SubItem>I am Sub Item 3</SubItem>
	</Item>
	<Languages>
		<English name="name" value="value">The world has many languages</English>
		<Russian name="название(имя)" value="ценность">Мир имеет много языков</Russian>
		<Spanish name="el nombre" value="el valor">el mundo tiene muchos idiomas</Spanish>
		<SimplifiedChinese name="名字" value="价值">世界有很多语言</SimplifiedChinese>
		<Русский название="name" ценность="value">&lt;имеет&gt;</Русский>
		<汉语 名字="name" 价值="value">世界有很多语言</汉语>
	</Languages>
	<Au2><![CDATA[Some Data <> "" '']]></Au2>
	<SomeInfo>This software is based on pugixml library (http://pugixml.org). pugixml is Copyright (C) 2006-2012 Arseny Kapoulkine.</SomeInfo>
	<Other></Other>
</document>