<?xml version="1.0" encoding="UTF-8" standalone="no" ?>

<languages>
	<English Default="1">
		<GuiName>Setup - Setup Fusion</GuiName>
		<str>Welcome to the Setup Fusion Setup Wizard</str>
		<str>This will install Setup Fusion version 1.0 on your computer.

It is recommended that you close all other applications before continuing.

Click Next to continue, or Cancel to exit Setup.</str>
		<NextBtn>Next &gt;</NextBtn>
		<BackBtn>&lt; Back</BackBtn>
		<CancelBtn>Cancel</CancelBtn>
	</English>
	<French>
		<GuiName>Installation - Setup Fusion</GuiName>
		<str>Bienvenue dans l'assistant d'installation de Setup Fusion</str>
		<str>Cet assistant va vous guider dans l'installation de Setup Fusion version 1.0 sur votre ordinateur.

Il est recommandé de fermer toutes les applications actives avant de continuer.

Appuyez sur Suivant pour continuer ou sur Annuler pour abandonner l'installation.</str>
		<NextBtn>Suivant &gt;</NextBtn>
		<BackBtn>&lt; Précédent</BackBtn>
		<CancelBtn>Annuler</CancelBtn>
	</French>
	<Spanish>
		<GuiName>Instalar - Setup Fusion</GuiName>
		<str>Bienvenido al asistente de instalación de Setup Fusion</str>
		<str>Este programa instalará Setup Fusion versión 1.0 en su sistema.

Se recomienda que cierre todas las demás aplicaciones antes de continuar.

Haga clic en Siguiente para continuar, o en Cancelar para salir de la instalación.</str>
		<NextBtn>Siguiente &gt;</NextBtn>
		<BackBtn>&lt; Atrás</BackBtn>
		<CancelBtn>Cancelar</CancelBtn>
	</Spanish>
	<Italian>
		<GuiName>Installazione di Setup Fusion</GuiName>
		<str>Benvenuti nel programma di installazione di Setup Fusion</str>
		<str>Setup Fusion versione 1.0 sarà installato sul computer.

Si consiglia di chiudere tutte le applicazioni attive prima di procedere.

Premere Avanti per continuare, o Annulla per uscire.</str>
		<NextBtn>&Avanti &gt;</NextBtn>
		<BackBtn>&lt; &Indietro</BackBtn>
		<CancelBtn>Annulla</CancelBtn>
	</Italian>
	<Russian>
		<GuiName>Установка — Setup Fusion</GuiName>
		<str>Вас приветствует Мастер установки Setup Fusion</str>
		<str>Программа установит Setup Fusion, версия 1.0 на Ваш компьютер.

Рекомендуется закрыть все прочие приложения перед тем, как продолжить.

Нажмите «Далее», чтобы продолжить, или «Отмена», чтобы выйти из программы установки.</str>
		<NextBtn>Далее &gt;</NextBtn>
		<BackBtn>&lt; Назад</BackBtn>
		<CancelBtn>Отмена</CancelBtn>
	</Russian>
	<Japanese>
		<GuiName>Setup Fusion セットアップ</GuiName>
		<str>Setup Fusion セットアップウィザードの開始</str>
		<str>このプログラムはご使用のコンピュータへ Setup Fusion バージョン 1.0 をインストールします。

続行する前に他のアプリケーションをすべて終了してください。

続行するには「次へ」、セットアップを終了するには「キャンセル」をクリックしてください。</str>
		<NextBtn>次へ(&N) &gt;</NextBtn>
		<BackBtn>&lt; 戻る(&B)</BackBtn>
		<CancelBtn>キャンセル</CancelBtn>
	</Japanese>
</languages>