﻿Country;id;gender;bdate;educ;jobcat;salary;salbegin;jobtime;prevexp;minority;year;solution
European nfd;1;m;03. Feb 52;15;3;$57.000;$27.000;98;144;0;1986;j89348g932
New Zealand European;2;m;23. Mai 58;16;1;$40.200;$18.750;98;36;0;1999;zh2u9023j3t2
British nfd;3;f;26. Jul 29;12;1;$21.450;$12.000;98;381;0;1997;gj23gj23k09
Celtic nfd;4;f;15. Apr 47;8;1;$21.900;$13.200;98;190;0;1986;z209gj092
Channel Islander;5;m;09. Feb 55;15;1;$45.000;$21.000;98;138;0;1996;z5k209tjh3802
Cornish;6;m;22. Aug 58;15;1;$32.100;$13.500;98;67;0;1983;zj230z95209
English;7;m;26. Apr 56;15;1;$36.000;$18.750;98;114;0;1983;zj520923h0
Gaelic;8;f;06. Mai 66;12;1;$21.900;$9.750;98;0;0;1996;uk90uk5
Irish;9;f;23. Jan 46;15;1;$27.900;$12.750;98;115;0;1988;gieQuo9aim
Manx;10;f;13. Feb 46;12;1;$24.000;$13.500;98;244;0;1982;eexo5ei7Oo
Orkney Islander;;;;;;;;;;;;
Scottish;;;;;;;;;;;;
Shetland Islander;;;;;;;;;;;;
Welsh;;;;;;;;;;;;
British nec;;;;;;;;;;;;
Dutch;;;;;;;;;;;;
Greek;;;;;;;;;;;;
Polish;;;;;;;;;;;;
South Slav nfd;;;;;;;;;;;;
Croatian;;;;;;;;;;;;
