<?xml version="1.0" encoding="UTF-8"?>
<FolderMenu>
	<Menu>
		<Item Type="Item" Name="&amp;Recent" Path=":RecentMenu" Icon="" Size=""></Item>
		<Item Type="Separator" Name="- - - - -"></Item>
		<Item Type="Item" Name="&amp;C:\" Path="C:\" Icon="" Size=""></Item>
		<Item Type="Item" Name="&amp;UserProfile" Path="%UserProfile%" Icon="" Size=""></Item>
		<Item Type="Item" Name="&amp;Program Files" Path="%ProgramFiles%" Icon="" Size=""></Item>
		<Item Type="Item" Name="&amp;Windows" Path="%WinDir%" Icon="" Size=""></Item>
		<Item Type="Item" Name="S&amp;ystem32" Path="%WinDir%\System32" Icon="" Size=""></Item>
		<Item Type="Separator" Name="- - - - -"></Item>
		<Item Type="Item" Name="&amp;D:\" Path="D:\" Icon="" Size=""></Item>
		<Item Type="Separator" Name="- - - - -"></Item>
		<Item Type="Item" Name="&amp;Script Dir" Path="@ScriptDir@" Icon="" Size=""></Item>
		<Item Type="Separator" Name="- - - - -"></Item>
		<Item ID="13" Type="Menu" Name="Files" Icon="shell32.dll,1" Size="">
			<Item ID="14" Type="Menu" Name="Programs" Icon="shell32.dll,2" Size="">
				<Item Type="Item" Name="Notepad" Path="notepad.exe" Icon="" Size=""></Item>
				<Item Type="Item" Name="Internet Explorer" Path="%ProgramFiles%\Internet Explorer\iexplore.exe" Icon="" Size=""></Item>
				<Item Type="Item" Name="Windows Media Player" Path="%ProgramFiles%\Windows Media Player\wmplayer.exe" Icon="" Size=""></Item>
				<Item Type="Item" Name="Command Prompt" Path="cmd.exe" Icon="" Size=""></Item>
				<Item Type="Item" Name="Command Prompt Here" Path="cmd.exe /k cd /D %F_CurrentDir%" Icon="cmd.exe" Size=""></Item>
			</Item>
			<Item Type="Separator" Name="- - - - -"></Item>
			<Item Type="Item" Name="Config.xml" Path="@ScriptDir@\Config.xml" Icon="" Size=""></Item>
		</Item>
		<Item ID="22" Type="Menu" Name="WebSites" Icon="%ProgramFiles%\Internet Explorer\iexplore.exe,1" Size="">
			<Item Type="Item" Name="Folder Menu" Path="http://foldermenu.sourceforge.net/" Icon="" Size=""></Item>
			<Item Type="Item" Name="SourceForge.net" Path="http://sourceforge.net/" Icon="" Size=""></Item>
			<Item Type="Item" Name="AutoIt 3" Path="http://www.autoitscript.com/autoit3/" Icon="" Size=""></Item>
		</Item>
		<Item ID="25" Type="Menu" Name="Registry" Icon="regedit.exe" Size="">
			<Item Type="Item" Name="HKCU Run" Path="HKEY_CURRENT_USER\Software\Microsoft\Windows\CurrentVersion\Run" Icon="" Size=""></Item>
			<Item Type="Item" Name="HKLM Run" Path="HKEY_LOCAL_MACHINE\SOFTWARE\Microsoft\Windows\CurrentVersion\Run" Icon="" Size=""></Item>
		</Item>
		<Item ID="28" Type="Menu" Name="Filters" Icon="FolderMenu.exe,-307" Size="">
			<Item Type="Item" Name="Toggle Hidden Files" Path="_ToggleHidden" Icon="" Size=""></Item>
			<Item Type="Separator" Name="- - - - -"></Item>
			<Item Type="Item" Name="All Files" Path="*.*" Icon="" Size=""></Item>
			<Item Type="Item" Name="Documents" Path="*.xls;*.ppt;*.pdf;*.doc" Icon="" Size=""></Item>
			<Item Type="Item" Name="Images" Path="*.png;*.gif;*.jpg;*.jpeg;*.ico;*.bmp" Icon="" Size=""></Item>
			<Item Type="Item" Name="Programs" Path="*.exe;*.com;*.cmd;*.bat" Icon="" Size=""></Item>
			<Item Type="Item" Name="Text Files" Path="*.csv;*.txt" Icon="" Size=""></Item>
			<Item Type="Item" Name="Compressed" Path="*.rar;*.7z;*.cab;*.gz;*.zip" Icon="" Size=""></Item>
			<Item Type="Item" Name="Development" Path="*.php;*.htm;*.js" Icon="" Size=""></Item>
		</Item>
		<Item ID="38" Type="Menu" Name="Special Items" Icon="" Size="">
			<Item Type="Item" Name="Computer" Path="Computer" Icon="" Size=""></Item>
			<Item Type="Separator" Name="- - - - -"></Item>
			<Item Type="Item" Name="_AddFavorite" Path="_AddFavorite" Icon="" Size=""></Item>
			<Item Type="Item" Name="_AddHere" Path="_AddHere" Icon="" Size=""></Item>
			<Item Type="Item" Name="_Reload" Path="_Reload" Icon="" Size=""></Item>
			<Item Type="Item" Name="_Options" Path="_Options" Icon="" Size=""></Item>
			<Item Type="Item" Name="_Edit" Path="_Edit" Icon="" Size=""></Item>
			<Item Type="Item" Name="_Exit" Path="_Exit" Icon="" Size=""></Item>
			<Item Type="Item" Name="_ToggleHidden" Path="_ToggleHidden" Icon="" Size=""></Item>
			<Item Type="Item" Name="_ToggleFileExt" Path="_ToggleFileExt" Icon="" Size=""></Item>
			<Item Type="Item" Name="_SystemRecent" Path="_SystemRecent" Icon="" Size=""></Item>
			<Item Type="Separator" Name="- - - - -"></Item>
			<Item Type="Item" Name=":RecentMenu" Path=":RecentMenu" Icon="" Size=""></Item>
			<Item Type="Item" Name=":ExplorerMenu" Path=":ExplorerMenu" Icon="" Size=""></Item>
			<Item Type="Item" Name=":DriveMenu" Path=":DriveMenu" Icon="" Size=""></Item>
			<Item Type="Item" Name=":ToolMenu" Path=":ToolMenu" Icon="" Size=""></Item>
			<Item Type="Item" Name=":SVSMenu" Path=":SVSMenu" Icon="" Size=""></Item>
			<Item Type="Item" Name=":TCMenu" Path=":TCMenu" Icon="" Size=""></Item>
		</Item>
		<Item Type="Separator" Name="- - - - -"></Item>
		<Item Type="Item" Name="&amp;Folder Menu" Path=":ToolMenu" Icon="" Size=""></Item>
	</Menu>
	<Settings>
		<Applications>
			<Setting Name="ApplicationList">
				<Application Name="Explorer" Type="M" Class="CabinetWClass,ExploreWClass" Check="1"></Application>
				<Application Name="Open/Save Dialog" Type="M" Class="#32770" Check="1"></Application>
				<Application Name="Office Dialog" Type="C" Class="bosa_sdm_" Check="1"></Application>
				<Application Name="Command" Type="M" Class="ConsoleWindowClass" Check="1"></Application>
				<Application Name="Desktop" Type="M" Class="Progman,WorkerW" Check="1"></Application>
				<Application Name="7-Zip File Manager" Type="M" Class="FM" Check="0"></Application>
				<Application Name="FileZilla3" Type="M" Class="wxWindowClassNR" Check="0"></Application>
				<Application Name="TotalCommander" Type="M" Class="TTOTAL_CMD" Check="0"></Application>
				<Application Name="UnrealCommander" Type="M" Class="TxUNCOM.UnicodeClass" Check="0"></Application>
				<Application Name="FreeCommander" Type="M" Class="TfcForm" Check="0"></Application>
				<Application Name="Emacs" Type="M" Class="Emacs" Check="0"></Application>
				<Application Name="rxvt" Type="C" Class="rxvt" Check="0"></Application>
				<Application Name="WinRAR" Type="M" Class="WinRarWindow" Check="0"></Application>
				<Application Name="FileZilla2" Type="M" Class="FileZilla Main Window" Check="0"></Application>
				<Application Name="XnView" Type="M" Class="XmainClass" Check="0"></Application>
				<Application Name="xplorer^2" Type="M" Class="ATL:ExplorerFrame" Check="0"></Application>
				<Application Name="ACDSee Classic" Type="M" Class="ACDBrowser" Check="0"></Application>
			</Setting>
		</Applications>
		<Hotkeys>
			<Setting Name="HotkeyList">
				<Hotkey Key="4" Func="_ShowMainMenu1" Native="4" Double="4"></Hotkey>
				<Hotkey Key="2647" Func="_ShowMainMenu15" Native="4" Double="4"></Hotkey>
				<Hotkey Key="2135" Func="_ShowMainMenu2" Native="4" Double="4"></Hotkey>
				<Hotkey Key="2122" Func="_OpenSel" Native="4" Double="4"></Hotkey>
				<Hotkey Key="2105" Func="_AddApp" Native="4" Double="4"></Hotkey>
			</Setting>
		</Hotkeys>
		<Icons>
			<Setting Name="NoMenuIcon" Value="0"></Setting>
			<Setting Name="IconSizeG" Value="16"></Setting>
			<Setting Name="IconList">
				<Icon Ext="Unknown" Size="" Path="shell32.dll" Index="0"></Icon>
				<Icon Ext="Menu" Size="" Path="@ScriptDir@\FolderMenu.exe" Index="0"></Icon>
				<Icon Ext="Folder" Size="" Path="@ScriptDir@\FolderMenu.exe" Index="-308"></Icon>
				<Icon Ext="FolderS" Size="" Path="@ScriptDir@\FolderMenu.exe" Index="0"></Icon>
				<Icon Ext="Drive" Size="" Path="@ScriptDir@\FolderMenu.exe" Index="-309"></Icon>
				<Icon Ext="Computer" Size="" Path="@ScriptDir@\FolderMenu.exe" Index="-310"></Icon>
				<Icon Ext="Share" Size="" Path="@ScriptDir@\FolderMenu.exe" Index="-311"></Icon>
				<Icon Ext="Recent" Size="" Path="shell32.dll" Index="20"></Icon>
				<Icon Ext="Explorer" Size="" Path="explorer.exe" Index="1"></Icon>
			</Setting>
		</Icons>
		<Menus>
			<Setting Name="MenuPositionX" Value="0"></Setting>
			<Setting Name="MenuPositionY" Value="0"></Setting>
			<Setting Name="MenuPosition" Value="0"></Setting>
			<Setting Name="RecentSize" Value="16"></Setting>
			<Setting Name="RecentSizeS" Value="16"></Setting>
			<Setting Name="RecentOnlyFolder" Value="0"></Setting>
			<Setting Name="RecentOnlyFolderS" Value="0"></Setting>
			<Setting Name="RecentShowIndex" Value="1"></Setting>
			<Setting Name="RecentShowDate" Value="0"></Setting>
			<Setting Name="CtrlShowFile" Value="0"></Setting>
			<Setting Name="CtrlShowFExt" Value="*"></Setting>
			<Setting Name="AltFolderIcon" Value="1"></Setting>
			<Setting Name="BrowseMode" Value="0"></Setting>
			<Setting Name="DriveType" Value="Fixed"></Setting>
			<Setting Name="HideExt" Value="0"></Setting>
			<Setting Name="UseTCMenu" Value="0"></Setting>
			<Setting Name="TCPath" Value="C:\totalcmd"></Setting>
			<Setting Name="RecentList">
				<Recent Path=""></Recent>
				<Recent Path=""></Recent>
				<Recent Path=""></Recent>
				<Recent Path=""></Recent>
				<Recent Path=""></Recent>
				<Recent Path=""></Recent>
				<Recent Path=""></Recent>
				<Recent Path=""></Recent>
				<Recent Path=""></Recent>
				<Recent Path=""></Recent>
				<Recent Path=""></Recent>
				<Recent Path=""></Recent>
				<Recent Path=""></Recent>
				<Recent Path=""></Recent>
				<Recent Path=""></Recent>
				<Recent Path=""></Recent>
			</Setting>
		</Menus>
		<Others>
			<Setting Name="Language" Value=""></Setting>
			<Setting Name="StartWithWin" Value="0"></Setting>
			<Setting Name="NoTray" Value="0"></Setting>
			<Setting Name="TrayIconClick" Value="2"></Setting>
			<Setting Name="LoadingTip" Value="1"></Setting>
			<Setting Name="AddFavAtTop" Value="0"></Setting>
			<Setting Name="AddFavCheck" Value="0"></Setting>
			<Setting Name="AddFavSkipGui" Value="0"></Setting>
			<Setting Name="AddFavApp" Value="1"></Setting>
			<Setting Name="AddFavAppCmd" Value="0"></Setting>
			<Setting Name="FileManager" Value=""></Setting>
			<Setting Name="Browser" Value=""></Setting>
			<Setting Name="SearchSel" Value="0"></Setting>
			<Setting Name="SearchSelUrl" Value="http://www.google.com/search?q=%s"></Setting>
			<Setting Name="CheckVersion" Value="1"></Setting>
		</Others>
	</Settings>
</FolderMenu>
