<?xml version="1.0"?>
<WowzaMediaServerPro><VHost><Name>_defaultVHost_</Name><TimeRunning>84.015</TimeRunning><ConnectionsLimit>0</ConnectionsLimit><ConnectionsCurrent>4</ConnectionsCurrent><ConnectionsTotal>4</ConnectionsTotal><ConnectionsTotalAccepted>4</ConnectionsTotalAccepted><ConnectionsTotalRejected>0</ConnectionsTotalRejected><Application><Name><![CDATA[live]]></Name><Status>loaded</Status><TimeRunning>81.194</TimeRunning><ConnectionsCurrent>2</ConnectionsCurrent><ConnectionsTotal>2</ConnectionsTotal><ConnectionsTotalAccepted>2</ConnectionsTotalAccepted><ConnectionsTotalRejected>0</ConnectionsTotalRejected><ApplicationInstance><Name><![CDATA[_definst_]]></Name><TimeRunning>81.168</TimeRunning><ConnectionsCurrent>2</ConnectionsCurrent><ConnectionsTotal>2</ConnectionsTotal><ConnectionsTotalAccepted>2</ConnectionsTotalAccepted><ConnectionsTotalRejected>0</ConnectionsTotalRejected><Client><ClientId>1559906732</ClientId><FlashVersion>WIN 10,3,181,26</FlashVersion><IpAddress>74.125.73.103</IpAddress><Referrer><![CDATA[http://wwgvs.s3.amazonaws.com/player.swf]]></Referrer><QueryString><![CDATA[large]]></QueryString><TimeRunning>55.549</TimeRunning><DateStarted>Sat, Jul 23 2011 15:53:21 -0400</DateStarted><URI><![CDATA[rtmp://ec2-50-19-54-89.compute-1.amazonaws.com/live]]></URI><Protocol>RTMP</Protocol><IsSSL>false</IsSSL><IsEncrypted>false</IsEncrypted><Port>1935</Port></Client><Client><ClientId>2071800475</ClientId><FlashVersion>WIN 10,3,181,26</FlashVersion><IpAddress>74.125.73.103</IpAddress><Referrer><![CDATA[http://wwgvs.s3.amazonaws.com/player.swf]]></Referrer><QueryString><![CDATA[small]]></QueryString><TimeRunning>33.633</TimeRunning><DateStarted>Sat, Jul 23 2011 15:53:43 -0400</DateStarted><URI><![CDATA[rtmp://ec2-50-19-54-89.compute-1.amazonaws.com/live]]></URI><Protocol>RTMP</Protocol><IsSSL>false</IsSSL><IsEncrypted>false</IsEncrypted><Port>1935</Port></Client></ApplicationInstance></Application><Application><Name><![CDATA[textchat]]></Name><Status>loaded</Status><TimeRunning>55.021</TimeRunning><ConnectionsCurrent>2</ConnectionsCurrent><ConnectionsTotal>2</ConnectionsTotal><ConnectionsTotalAccepted>2</ConnectionsTotalAccepted><ConnectionsTotalRejected>0</ConnectionsTotalRejected><ApplicationInstance><Name><![CDATA[_definst_]]></Name><TimeRunning>55.017</TimeRunning><ConnectionsCurrent>2</ConnectionsCurrent><ConnectionsTotal>2</ConnectionsTotal><ConnectionsTotalAccepted>2</ConnectionsTotalAccepted><ConnectionsTotalRejected>0</ConnectionsTotalRejected><Client><ClientId>841375503</ClientId><FlashVersion>WIN 10,3,181,26</FlashVersion><IpAddress>74.125.73.103</IpAddress><Referrer><![CDATA[http://wwgvs.s3.amazonaws.com/mytextchat.swf]]></Referrer><QueryString><![CDATA[]]></QueryString><TimeRunning>55.552</TimeRunning><DateStarted>Sat, Jul 23 2011 15:53:21 -0400</DateStarted><URI><![CDATA[rtmp://ec2-50-19-54-89.compute-1.amazonaws.com/textchat]]></URI><Protocol>RTMP</Protocol><IsSSL>false</IsSSL><IsEncrypted>false</IsEncrypted><Port>1935</Port></Client><Client><ClientId>1254462474</ClientId><FlashVersion>WIN 10,3,181,26</FlashVersion><IpAddress>74.125.73.103</IpAddress><Referrer><![CDATA[http://wwgvs.s3.amazonaws.com/mytextchat.swf]]></Referrer><QueryString><![CDATA[]]></QueryString><TimeRunning>33.665</TimeRunning><DateStarted>Sat, Jul 23 2011 15:53:43 -0400</DateStarted><URI><![CDATA[rtmp://ec2-50-19-54-89.compute-1.amazonaws.com/textchat]]></URI><Protocol>RTMP</Protocol><IsSSL>false</IsSSL><IsEncrypted>false</IsEncrypted><Port>1935</Port></Client></ApplicationInstance></Application></VHost></WowzaMediaServerPro>