Q-Number;PatchNumber;Description;Commandline;Remarks;win95;win98;winme;winnt4sp1-5;winnt4sp6;win2000sp1-2;win2000sp3-4;winxp;winxpsp1;winxpsp2;win2003;win2003sp1;InstalledCriteria;RequiredCriteria
318202;MS02-008;XMLHTTP Control in MSXML 2.6 Can Allow Access to Local Files;Q318202_MSXML20_x86.exe /q:a /c:"dahotfix /q /n";;;;;;;;;;;x;;;RegRead($HSM & "\Updates\DataAccess\Q318202","IsInstalled")=1;FileExists(@SystemDir & "\msxml2.dll")
318203;MS02-008;XMLHTTP Control in MSXML 3.0 Can Allow Access to Local Files;Q318203_MSXML30_x86.exe  /q:a /c:"dahotfix /q /n";;;;;;;;;;;x;;;RegRead($HSM & "\Updates\DataAccess\Q318203","IsInstalled")=1;FileExists(@SystemDir & "\msxml3.dll")
317244;MS02-008;XMLHTTP Control in MSXML 4.0 Can Allow Access to Local Files;msxml.cmd;;;;;;;;;;;x;;;RegRead($HSM & "\Updates\MSXML4\Q317244","IsInstalled")=1;FileExists(@SystemDir & "\msxml4.dll") or FileExists(@SystemDir & "\msxml4r.dll")
870669;;How to disable the ADODB.Stream object from Internet Explorer;Windows-KB870669-x86-ENU.exe /q:a /r:n;;;;;;;;;;;x;;;RegRead($HSM & "\Internet Explorer\ActiveX Compatibility\{00000566-0000-0010-8000-00AA006D2EA4}","Compatibility Flags")=1024;1
833407;;Update for the Bookshelf Symbol 7 font;Windows-KB833407-x86-enu.exe /passive /norestart;;;;;;;;;;;x;;;RegRead($HSM & "\Windows NT\CurrentVersion\HotFix\KB833407","Installed")=1 ;FileExists(@WindowsDir & "\fonts\bssym7.ttf")
885836;MS04-041;Vulnerability in WordPad Could Allow Code Execution;WindowsXP-KB885836-x86-ENU.exe /passive /norestart;;;;;;;;;;;x;;;RegRead($HSM & "\Windows NT\CurrentVersion\HotFix\KB885836","Installed")=1;FileExists(@SystemDir & "\dllcache\wordpad.exe") or FileExists(@ProgramFilesDir & "\Windows NT\Accessories\wordpad.exe")
873339;MS04-043;Vulnerability in HyperTerminal Could Allow Code Execution;WindowsXP-KB873339-x86-ENU.exe /passive /norestart;;;;;;;;;;;x;;;RegRead($HSM & "\Windows NT\CurrentVersion\HotFix\KB873339","Installed")=1;FileExists(@SystemDir & "\hypertrm.dll")
885835;MS04-044;Vulnerabilities in Windows Kernel and LSASS Could Allow Elevation of Privilege;WindowsXP-KB885835-x86-ENU.exe /passive /norestart;;;;;;;;;;;x;;;RegRead($HSM & "\Windows NT\CurrentVersion\HotFix\KB885835","Installed")=1;1
870763;MS04-045;- Vulnerability in WINS Could Allow Remote Code Execution (870763);;Only Server Sytems;;;;;;;;;;;;;;FALSE
890175;MS05-001;Vulnerability in HTML Help Could Allow Code Execution;WindowsXP-KB890175-x86-ENU.exe /passive /norestart;;;;;;;;;;;x;;;RegRead($HSM & "\Windows NT\CurrentVersion\HotFix\KB890175","Installed")=1 or RegRead($HSM & "\Windows NT\CurrentVersion\HotFix\Q890175","Installed")=1;1
891711;MS05-002;- Vulnerability in Cursor and Icon Format Handling Could Allow Remote Code Execution (891711);;Only XP SP1;;;;;;;;;;;;;;FALSE
871250;MS05-003;- Vulnerability in the Indexing Service Could Allow Remote Code Execution (871250);;Only XP SP1;;;;;;;;;;;;;;FALSE
886903;MS05-004;ASP.NET Path Validation Vulnerability;NDP1.1sp1-KB886903-X86.exe /i /q;Only for .NET Framework 1.1sp1;;;;;;;;;;x;;;RegRead($HSM & "\Active Setup\Installed Components\{8EFA4753-7169-4CC3-A28B-0A1643B8A39B}","IsInstalled")=1;RegRead($HSM & "\NET Framework Setup\NDP\v1.1.4322","SP")=1
873352;MS05-005;- Vulnerability in Microsoft Office XP could allow Remote Code Execution (873352);;Only Office XP;;;;;;;;;;;;;;FALSE
887981;MS05-006;- Vulnerability in Windows SharePoint Services and SharePoint Team Services Could Allow Cross-Site Scripting and Spoofing Attacks (887981);;Only SharePoint Portal Server 2003;;;;;;;;;;;;;;FALSE
888302;MS05-007;Vulnerability in Windows Could Allow Information Disclosure;WindowsXP-KB888302-x86-ENU.exe /passive /norestart;;;;;;;;;;;x;;;RegRead($HSM & "\Windows NT\CurrentVersion\HotFix\KB888302","Installed")=1;1
890047;MS05-008;- Vulnerability in Windows Shell Could Allow Remote Code Execution (890047);;Replaced by MS05-016;;;;;;;;;;;;;;FALSE
887472;MS05-009;Vulnerability in PNG Processing Could Allow Remote Code Execution (890261);WindowsXP-KB887472-x86-enu.exe /passive /norestart;Only a patch for Mseenger 4.7! MBSA didn't find it right.;;;;;;;;;;x;;;RegRead($HSM & "\Windows NT\CurrentVersion\HotFix\KB887472","Installed")=1;1
885834;MS05-010;- Vulnerability in the License Logging Service Could Allow Code Execution (885834);;Only Win 2000 Server and Win 2003 Server;;;;;;;;;;;;;;FALSE
885250;MS05-011;Vulnerability in Server Message Block Could Allow Remote Code Execution;WindowsXP-KB885250-x86-ENU.exe /passive /norestart;;;;;;;;;;;x;;;RegRead($HSM & "\Windows NT\CurrentVersion\HotFix\KB885250","Installed")=1;1
873333;MS05-012;Vulnerability in OLE and COM Could Allow Remote Code Execution;WindowsXP-KB873333-x86-ENU.exe /passive /norestart;;;;;;;;;;;x;;;RegRead($HSM & "\Windows NT\CurrentVersion\HotFix\KB873333","Installed")=1;1
891781;MS05-013;Vulnerability in the DHTML Editing Component ActiveX Control;WindowsXP-KB891781-x86-ENU.exe /passive /norestart;;;;;;;;;;;x;;;RegRead($HSM & "\Windows NT\CurrentVersion\HotFix\KB891781","Installed")=1;1
867282;MS05-014;- Cumulative Security Update for Internet Explorer (867282);;Replaced by MS05-020;;;;;;;;;;;;;;FALSE
888113;MS05-015;Vulnerability in Hyperlink Object Library Could Allow Remote Code Execution;WindowsXP-KB888113-x86-ENU.exe /passive /norestart;;;;;;;;;;;x;;;RegRead($HSM & "\Windows NT\CurrentVersion\HotFix\KB888113","Installed")=1;1
887742;;Stop error '0x05 INVALID_PROCESS_ATTACH_ATTEMPT' in http.sys;WindowsXP-KB887742-x86-ENU.exe /passive /norestart;Only WinXP SP2;;;;;;;;;;x;;;RegRead($HSM & "\Updates\Windows XP\SP3\KB887742","Type")="Update";1
886185;;Update for Windows Firewall "My Network (subnet) only" scoping;WindowsXP-KB886185-x86-enu.exe /passive /norestart;Only WinXP SP2;;;;;;;;;;x;;;RegRead($HSM & "\Windows NT\CurrentVersion\HotFix\KB886185","Installed")=1;1
893086;MS05-016;Vulnerability in Windows Shell Could Allow Remote Code Execution;WindowsXP-KB893086-x86-ENU.exe /passive /norestart;;;;;;;;;;;x;;;RegRead($HSM & "\Windows NT\CurrentVersion\HotFix\KB893086","Installed")=1;1
892944;MS05-017;- Vulnerability in Message Queuing Could Allow Code Execution (892944);;Nur f�r XP SP1;;;;;;;;;;;;;;FALSE
890859;MS05-018;Vulnerabilities in Windows Kernel Could Allow Elevation of Privilege;WindowsXP-KB890859-x86-ENU.exe /passive /norestart;;;;;;;;;;;x;;;RegRead($HSM & "\Windows NT\CurrentVersion\HotFix\KB890859","Installed")=1;1
893066;MS05-019;Vulnerabilities in TCP/IP Could Allow Remote Code Execution;WindowsXP-KB893066-x86-ENU.exe /passive /norestart;;;;;;;;;;;x;;;RegRead($HSM & "\Windows NT\CurrentVersion\HotFix\KB893066","Installed")=1;1
890923;MS05-020;Cumulative Security Update for Internet Explorer 6 on Windows XP SP2;WindowsXP-KB890923-x86-ENU.exe /passive /norestart;Only for WinXP SP2;;;;;;;;;;x;;;RegRead($HSM & "\Active Setup\Installed Components\{04d6265d-6b5d-41c3-9e7c-48be15919643}","IsInstalled")=1 or RegRead($HSM & "\Windows NT\CurrentVersion\HotFix\KB890923","Installed")=1;StringLeft(RegRead($HSM & "\Internet Explorer","Version"),8)="6.0.2900"
894549;MS05-021;- Vulnerability in Exchange Server Could Allow Remote Code Execution (894549);;;;;;;;;;;;;;;;FALSE
896597;MS05-022;- Neuinstall. MS Messenger 6.2;;;;;;;;;;;;;;;;FALSE
890169;MS05-023;Vulnerabilities in Microsoft Word 2003 May Lead to Remote Code Execution;;Q887979;;;;;;;;;;;;;;StringInStr(RegRead($HSM & "\Windows\CurrentVersion\App Paths\Winword.exe","Path"),"Office11",0,1)<>0
999999;MSxx-xxx;Reboot;reboot.cmd;;;;;;;;;;;x;;;0;1
