<?xml version="1.0" encoding="UTF-8"?>
<configurationDescriptor version="69">
  <logicalFolder name="root" displayName="root" projectFiles="true">
    <logicalFolder name="HeaderFiles"
                   displayName="Header Files"
                   projectFiles="true"
                   kind="SOURCE_LOGICAL_FOLDER">
      <itemPath>stack.h</itemPath>
    </logicalFolder>
    <logicalFolder name="ResourceFiles"
                   displayName="Resource Files"
                   projectFiles="true"
                   kind="SOURCE_LOGICAL_FOLDER">
    </logicalFolder>
    <logicalFolder name="SourceFiles"
                   displayName="Source Files"
                   projectFiles="true"
                   kind="SOURCE_LOGICAL_FOLDER">
      <itemPath>stack.c</itemPath>
    </logicalFolder>
    <logicalFolder name="TestFiles"
                   displayName="Test Files"
                   projectFiles="false"
                   kind="TEST_LOGICAL_FOLDER">
      <logicalFolder name="f1" displayName="test" projectFiles="true" kind="TEST">
        <itemPath>tests/newsimpletest.c</itemPath>
      </logicalFolder>
    </logicalFolder>
    <logicalFolder name="ExternalFiles"
                   displayName="Important Files"
                   projectFiles="false"
                   kind="IMPORTANT_FILES_FOLDER">
      <itemPath>Makefile</itemPath>
    </logicalFolder>
  </logicalFolder>
  <projectmakefile>Makefile</projectmakefile>
  <confs>
    <conf name="Debug" type="2">
      <toolsSet>
        <developmentServer>localhost</developmentServer>
        <compilerSet>Cygwin|Cygwin</compilerSet>
        <platform>3</platform>
      </toolsSet>
      <compileType>
      </compileType>
      <folder path="TestFiles/f1">
        <cTool>
          <incDir>
            <pElem>.</pElem>
          </incDir>
        </cTool>
        <ccTool>
          <incDir>
            <pElem>.</pElem>
          </incDir>
        </ccTool>
        <linkerTool>
          <output>${TESTDIR}/TestFiles/f1</output>
        </linkerTool>
      </folder>
    </conf>
    <conf name="Release" type="2">
      <toolsSet>
        <developmentServer>localhost</developmentServer>
        <compilerSet>Cygwin|Cygwin</compilerSet>
        <platform>3</platform>
      </toolsSet>
      <compileType>
        <cTool>
          <developmentMode>5</developmentMode>
        </cTool>
        <ccTool>
          <developmentMode>5</developmentMode>
        </ccTool>
        <fortranCompilerTool>
          <developmentMode>5</developmentMode>
        </fortranCompilerTool>
        <asmTool>
          <developmentMode>5</developmentMode>
        </asmTool>
      </compileType>
      <folder path="TestFiles/f1">
        <cTool>
          <incDir>
            <pElem>.</pElem>
          </incDir>
        </cTool>
        <ccTool>
          <incDir>
            <pElem>.</pElem>
          </incDir>
        </ccTool>
        <linkerTool>
          <output>${TESTDIR}/TestFiles/f1</output>
        </linkerTool>
      </folder>
    </conf>
  </confs>
</configurationDescriptor>
