TIMESTAMP,SOURCE,SCRIPT,FORM,OPERATION,STATUS
 -------------------------------------- , -------------------------------------- , -------------------------------------- , -------------------------------------- , -------------------------------------- , --------------------------------------
09:09:2009::13:02:11:625,System,\System\Main.au3,n/a,Initializing Main Script,Success
09:09:2009::13:02:11:625,System,\System\Main.au3,n/a,Set The Profile and Test Cases sequence,Pending...
09:09:2009::13:02:11:625,System,\System\Main.au3,n/a,Set The Profile and Test Cases sequence,Success
09:09:2009::13:02:11:625,System,\System\Main.au3,n/a,Clearing Main and Filelist Cache,Pending...
09:09:2009::13:02:11:625,System,\System\Main.au3,n/a,Clearing Main and Filelist Cache,Success
09:09:2009::13:02:11:625,System,\System\Main.au3,n/a,Set Grid Status Cache,Pending...
09:09:2009::13:02:11:625,System,\System\Main.au3,n/a,Set Grid Status Cache,Success
09:09:2009::13:02:11:625,System,\System\Main.au3,n/a,Clearing Main and Filelist Cache,Pending...
09:09:2009::13:02:11:640,System,\System\Main.au3,n/a,Clearing Main and Filelist Cache,Success
09:09:2009::13:02:11:640,System,\System\Main.au3,n/a,Reading Profile and Test Case details into array,Pending...
09:09:2009::13:02:11:671,System,\System\Main.au3,n/a,Reading Profile and Test Case details into array,Success
09:09:2009::13:02:11:671,System,\System\Main.au3,n/a,Calling Import Function,Pending...
09:09:2009::13:02:11:671,System,\System\Main.au3,n/a,Calling Import Function,Called
09:09:2009::13:02:11:671,System,\System\Main.au3,n/a,Clear Query Dates Cache For 1st Pass,Pending...
09:09:2009::13:02:11:671,System,\System\Main.au3,n/a,Clear Query Dates Cache For 1st Pass,Success
09:09:2009::13:02:11:671,System,\System\Main.au3,n/a,Set Query Dates from Profile to Cache,Pending...
09:09:2009::13:02:11:671,System,\System\Main.au3,n/a,Set Query Dates from Profile to Cache,Success
09:09:2009::13:02:11:671,System,\System\Main.au3,n/a,Filter Unique Query Dates to Cache,Pending...
09:09:2009::13:02:11:687,System,\System\Main.au3,n/a,Filter Unique Query Dates to Cache,Success
09:09:2009::13:02:11:687,System,\System\Main.au3,n/a,Calling Query Cost Reports Function,Pending...
 -------------------------------------- , -------------------------------------- , -------------------------------------- , -------------------------------------- , -------------------------------------- , --------------------------------------
09:09:2009::13:02:11:687,System,\System\Query Cost Reports.au3,n/a,Initializing Query Cost Reports Script,Success
09:09:2009::13:02:11:687,System,\System\Query Cost Reports.au3,n/a,Declare Cache and File Paths,Pending...
09:09:2009::13:02:11:703,System,\System\Query Cost Reports.au3,n/a,Declare Cache and File Paths,Success
09:09:2009::13:02:11:703,System,\System\Query Cost Reports.au3,n/a,Read Test Case Datils from Cache into Arrays,Pending...
09:09:2009::13:02:11:703,System,\System\Query Cost Reports.au3,n/a,Read Test Case Datils from Cache into Arrays,Success
09:09:2009::13:02:11:703,TC1: Pass 1,\System\Query Cost Reports.au3,n/a,Reading Query Date from array,Pending...
09:09:2009::13:02:11:703,TC1: Pass 1,\System\Query Cost Reports.au3,n/a,Reading Query Date from array,Success
09:09:2009::13:02:11:703,TC1: Pass 1,\System\Query Cost Reports.au3,Carrier Rates,Open Form,Pending...
09:09:2009::13:02:13:375,TC1: Pass 1,\System\Query Cost Reports.au3,Carrier Rates,Open Form,Success
09:09:2009::13:02:13:375,TC1: Pass 1,\System\Query Cost Reports.au3,Carrier Rates,Set Filter Data,Pending...
09:09:2009::13:02:13:718,TC1: Pass 1,\System\Query Cost Reports.au3,Carrier Rates,Set Filter Data,Success
09:09:2009::13:02:13:718,TC1: Pass 1,\System\Query Cost Reports.au3,Carrier Rates,Refresh Form,Pending...
09:09:2009::13:02:13:734,TC1: Pass 1,\System\Query Cost Reports.au3,Carrier Rates,Refresh Form,Success
09:09:2009::13:02:13:734,TC1: Pass 1,\System\Query Cost Reports.au3,Carrier Rates,Export Grid Data,Pending...
09:09:2009::13:02:21:578,TC1: Pass 1,\System\Query Cost Reports.au3,Carrier Rates,Export Grid Data,Success
09:09:2009::13:02:21:578,TC1: Pass 1,\System\Query Cost Reports.au3,Carrier Rates,Close Form,Pending...
09:09:2009::13:02:22:031,TC1: Pass 1,\System\Query Cost Reports.au3,Carrier Rates,Close Form,Success
09:09:2009::13:02:22:031,TC1: Pass 1,\System\Query Cost Reports.au3,Active Carrier Rates,Open Form,Pending...
09:09:2009::13:02:24:312,TC1: Pass 1,\System\Query Cost Reports.au3,Active Carrier Rates,Open Form,Success
09:09:2009::13:02:24:312,TC1: Pass 1,\System\Query Cost Reports.au3,Active Carrier Rates,Set Filter Data,Pending...
09:09:2009::13:02:24:671,TC1: Pass 1,\System\Query Cost Reports.au3,Active Carrier Rates,Set Filter Data,Success
09:09:2009::13:02:24:671,TC1: Pass 1,\System\Query Cost Reports.au3,Active Carrier Rates,Refresh Form,Pending...
09:09:2009::13:02:24:687,TC1: Pass 1,\System\Query Cost Reports.au3,Active Carrier Rates,Refresh Form,Success
09:09:2009::13:02:24:687,TC1: Pass 1,\System\Query Cost Reports.au3,Active Carrier Rates,Export Grid Data,Pending...
09:09:2009::13:02:34:859,TC1: Pass 1,\System\Query Cost Reports.au3,Active Carrier Rates,Export Grid Data,Success
09:09:2009::13:02:34:859,TC1: Pass 1,\System\Query Cost Reports.au3,Active Carrier Rates,Close Form,Pending...
09:09:2009::13:02:35:421,TC1: Pass 1,\System\Query Cost Reports.au3,Active Carrier Rates,Close Form,Success
09:09:2009::13:02:35:421,TC1: Pass 1,\System\Query Cost Reports.au3,Cost Changes,Open Form,Pending...
09:09:2009::13:02:36:859,TC1: Pass 1,\System\Query Cost Reports.au3,Cost Changes,Open Form,Success
09:09:2009::13:02:36:859,TC1: Pass 1,\System\Query Cost Reports.au3,Cost Changes,Set Filter Data,Pending...
09:09:2009::13:02:37:546,TC1: Pass 1,\System\Query Cost Reports.au3,Cost Changes,Set Filter Data,Success
09:09:2009::13:02:37:546,TC1: Pass 1,\System\Query Cost Reports.au3,Cost Changes,Refresh Form,Pending...
09:09:2009::13:02:37:562,TC1: Pass 1,\System\Query Cost Reports.au3,Cost Changes,Refresh Form,Success
09:09:2009::13:02:37:562,TC1: Pass 1,\System\Query Cost Reports.au3,Cost Changes,Export Grid Data,Pending...
09:09:2009::13:02:42:765,TC1: Pass 1,\System\Query Cost Reports.au3,Cost Changes,Export Grid Data,Success
09:09:2009::13:02:42:765,TC1: Pass 1,\System\Query Cost Reports.au3,Cost Changes,Close Form,Pending...
09:09:2009::13:02:43:281,TC1: Pass 1,\System\Query Cost Reports.au3,Cost Changes,Close Form,Success
09:09:2009::13:02:43:281,TC1: Pass 1,\System\Query Cost Reports.au3,Cost Movements,Open Form,Pending...
09:09:2009::13:02:44:906,TC1: Pass 1,\System\Query Cost Reports.au3,Cost Movements,Open Form,Failure
09:09:2009::13:02:44:906,TC1: Pass 1,\System\Query Cost Reports.au3,Cost Movements,Set Filter Data,Pending...
09:09:2009::13:02:45:156,TC1: Pass 1,\System\Query Cost Reports.au3,Cost Movements,Set Filter Data,Success
09:09:2009::13:02:45:156,TC1: Pass 1,\System\Query Cost Reports.au3,Cost Movements,Get Number of Tariffs to Query,Pending...
09:09:2009::13:02:45:546,TC1: Pass 1,\System\Query Cost Reports.au3,Cost Movements,Get Number of Tariffs to Query,Success
09:09:2009::13:02:45:546,TC1: Pass 1,\System\Query Cost Reports.au3,Cost Movements,Set Tariff Filter Data,Pending...
09:09:2009::13:02:45:578,TC1: Pass 1,\System\Query Cost Reports.au3,Cost Movements,Set Tariff Filter Data,Success
09:09:2009::13:02:45:578,TC1: Pass 1,\System\Query Cost Reports.au3,Cost Movements,Refresh Form,Pending...
09:09:2009::13:02:45:593,TC1: Pass 1,\System\Query Cost Reports.au3,Cost Movements,Refresh Form,Success
09:09:2009::13:02:45:593,TC1: Pass 1,\System\Query Cost Reports.au3,Cost Movements,Export Grid Data,Pending...
09:09:2009::13:02:50:875,TC1: Pass 1,\System\Query Cost Reports.au3,Cost Movements,Export Grid Data,Success
09:09:2009::13:02:50:875,TC1: Pass 1,\System\Query Cost Reports.au3,Cost Movements,Set Tariff Filter Data,Pending...
09:09:2009::13:02:50:890,TC1: Pass 1,\System\Query Cost Reports.au3,Cost Movements,Set Tariff Filter Data,Success
09:09:2009::13:02:50:890,TC1: Pass 1,\System\Query Cost Reports.au3,Cost Movements,Refresh Form,Pending...
09:09:2009::13:02:50:906,TC1: Pass 1,\System\Query Cost Reports.au3,Cost Movements,Refresh Form,Success
09:09:2009::13:02:50:906,TC1: Pass 1,\System\Query Cost Reports.au3,Cost Movements,Export Grid Data,Pending...
09:09:2009::13:02:56:234,TC1: Pass 1,\System\Query Cost Reports.au3,Cost Movements,Export Grid Data,Success
09:09:2009::13:02:56:234,TC1: Pass 1,\System\Query Cost Reports.au3,Cost Movements,Close Form,Pending...
09:09:2009::13:02:56:765,TC1: Pass 1,\System\Query Cost Reports.au3,Cost Movements,Close Form,Success
09:09:2009::13:02:56:765,TC1: Pass 1,\System\Query Cost Reports.au3,Destinations and Dial Codes,Open Form,Pending...
09:09:2009::13:02:58:593,TC1: Pass 1,\System\Query Cost Reports.au3,Destinations and Dial Codes,Open Form,Success
09:09:2009::13:02:58:593,TC1: Pass 1,\System\Query Cost Reports.au3,Destinations and Dial Codes,Set Filter Data,Pending...
09:09:2009::13:02:59:171,TC1: Pass 1,\System\Query Cost Reports.au3,Destinations and Dial Codes,Set Filter Data,Success
09:09:2009::13:02:59:171,TC1: Pass 1,\System\Query Cost Reports.au3,Destinations and Dial Codes,Refrsh Form,Pending...
09:09:2009::13:02:59:187,TC1: Pass 1,\System\Query Cost Reports.au3,Destinations and Dial Codes,Refrsh Form,Success
09:09:2009::13:02:59:187,TC1: Pass 1,\System\Query Cost Reports.au3,Destinations and Dial Codes,Export Grid Data,Pending...
09:09:2009::13:03:04:640,TC1: Pass 1,\System\Query Cost Reports.au3,Destinations and Dial Codes,Export Grid Data,Success
09:09:2009::13:03:04:640,TC1: Pass 1,\System\Query Cost Reports.au3,Destinations and Dial Codes,Close Form,Pending...
09:09:2009::13:03:05:234,TC1: Pass 1,\System\Query Cost Reports.au3,Destinations and Dial Codes,Close Form,Success
09:09:2009::13:03:05:234,TC1: Pass 1,\System\Query Cost Reports.au3,Destinations and Dial Codes,Reading Query Date from array,Pending...
09:09:2009::13:03:05:234,TC1: Pass 1,\System\Query Cost Reports.au3,Destinations and Dial Codes,Reading Query Date from array,Success
09:09:2009::13:03:05:234,TC1: Pass 1,\System\Query Cost Reports.au3,Carrier Rates,Open Form,Pending...
09:09:2009::13:03:06:968,TC1: Pass 1,\System\Query Cost Reports.au3,Carrier Rates,Open Form,Success
09:09:2009::13:03:06:968,TC1: Pass 1,\System\Query Cost Reports.au3,Carrier Rates,Set Filter Data,Pending...
09:09:2009::13:03:07:359,TC1: Pass 1,\System\Query Cost Reports.au3,Carrier Rates,Set Filter Data,Success
09:09:2009::13:03:07:359,TC1: Pass 1,\System\Query Cost Reports.au3,Carrier Rates,Refresh Form,Pending...
09:09:2009::13:03:07:390,TC1: Pass 1,\System\Query Cost Reports.au3,Carrier Rates,Refresh Form,Success
09:09:2009::13:03:07:390,TC1: Pass 1,\System\Query Cost Reports.au3,Carrier Rates,Export Grid Data,Pending...
09:09:2009::13:03:15:531,TC1: Pass 1,\System\Query Cost Reports.au3,Carrier Rates,Export Grid Data,Success
09:09:2009::13:03:15:531,TC1: Pass 1,\System\Query Cost Reports.au3,Carrier Rates,Close Form,Pending...
09:09:2009::13:03:16:078,TC1: Pass 1,\System\Query Cost Reports.au3,Carrier Rates,Close Form,Success
09:09:2009::13:03:16:078,TC1: Pass 1,\System\Query Cost Reports.au3,Active Carrier Rates,Open Form,Pending...
09:09:2009::13:03:19:031,TC1: Pass 1,\System\Query Cost Reports.au3,Active Carrier Rates,Open Form,Success
09:09:2009::13:03:19:031,TC1: Pass 1,\System\Query Cost Reports.au3,Active Carrier Rates,Set Filter Data,Pending...
09:09:2009::13:03:19:750,TC1: Pass 1,\System\Query Cost Reports.au3,Active Carrier Rates,Set Filter Data,Success
09:09:2009::13:03:19:750,TC1: Pass 1,\System\Query Cost Reports.au3,Active Carrier Rates,Refresh Form,Pending...
09:09:2009::13:03:19:750,TC1: Pass 1,\System\Query Cost Reports.au3,Active Carrier Rates,Refresh Form,Success
09:09:2009::13:03:19:750,TC1: Pass 1,\System\Query Cost Reports.au3,Active Carrier Rates,Export Grid Data,Pending...
09:09:2009::13:03:29:312,TC1: Pass 1,\System\Query Cost Reports.au3,Active Carrier Rates,Export Grid Data,Success
09:09:2009::13:03:29:312,TC1: Pass 1,\System\Query Cost Reports.au3,Active Carrier Rates,Close Form,Pending...
09:09:2009::13:03:30:031,TC1: Pass 1,\System\Query Cost Reports.au3,Active Carrier Rates,Close Form,Success
09:09:2009::13:03:30:031,TC1: Pass 1,\System\Query Cost Reports.au3,Cost Changes,Open Form,Pending...
09:09:2009::13:03:31:734,TC1: Pass 1,\System\Query Cost Reports.au3,Cost Changes,Open Form,Success
09:09:2009::13:03:31:734,TC1: Pass 1,\System\Query Cost Reports.au3,Cost Changes,Set Filter Data,Pending...
09:09:2009::13:03:32:375,TC1: Pass 1,\System\Query Cost Reports.au3,Cost Changes,Set Filter Data,Success
09:09:2009::13:03:32:375,TC1: Pass 1,\System\Query Cost Reports.au3,Cost Changes,Refresh Form,Pending...
09:09:2009::13:03:32:390,TC1: Pass 1,\System\Query Cost Reports.au3,Cost Changes,Refresh Form,Success
09:09:2009::13:03:32:390,TC1: Pass 1,\System\Query Cost Reports.au3,Cost Changes,Export Grid Data,Pending...
09:09:2009::13:03:37:593,TC1: Pass 1,\System\Query Cost Reports.au3,Cost Changes,Export Grid Data,Success
09:09:2009::13:03:37:593,TC1: Pass 1,\System\Query Cost Reports.au3,Cost Changes,Close Form,Pending...
09:09:2009::13:03:38:156,TC1: Pass 1,\System\Query Cost Reports.au3,Cost Changes,Close Form,Success
09:09:2009::13:03:38:156,TC1: Pass 1,\System\Query Cost Reports.au3,Cost Movements,Open Form,Pending...
09:09:2009::13:03:39:890,TC1: Pass 1,\System\Query Cost Reports.au3,Cost Movements,Open Form,Failure
09:09:2009::13:03:39:890,TC1: Pass 1,\System\Query Cost Reports.au3,Cost Movements,Set Filter Data,Pending...
09:09:2009::13:03:40:156,TC1: Pass 1,\System\Query Cost Reports.au3,Cost Movements,Set Filter Data,Success
09:09:2009::13:03:40:156,TC1: Pass 1,\System\Query Cost Reports.au3,Cost Movements,Get Number of Tariffs to Query,Pending...
09:09:2009::13:03:40:609,TC1: Pass 1,\System\Query Cost Reports.au3,Cost Movements,Get Number of Tariffs to Query,Success
09:09:2009::13:03:40:625,TC1: Pass 1,\System\Query Cost Reports.au3,Cost Movements,Set Tariff Filter Data,Pending...
09:09:2009::13:03:40:640,TC1: Pass 1,\System\Query Cost Reports.au3,Cost Movements,Set Tariff Filter Data,Success
09:09:2009::13:03:40:640,TC1: Pass 1,\System\Query Cost Reports.au3,Cost Movements,Refresh Form,Pending...
09:09:2009::13:03:40:640,TC1: Pass 1,\System\Query Cost Reports.au3,Cost Movements,Refresh Form,Success
09:09:2009::13:03:40:640,TC1: Pass 1,\System\Query Cost Reports.au3,Cost Movements,Export Grid Data,Pending...
09:09:2009::13:03:45:875,TC1: Pass 1,\System\Query Cost Reports.au3,Cost Movements,Export Grid Data,Success
09:09:2009::13:03:45:875,TC1: Pass 1,\System\Query Cost Reports.au3,Cost Movements,Set Tariff Filter Data,Pending...
09:09:2009::13:03:45:890,TC1: Pass 1,\System\Query Cost Reports.au3,Cost Movements,Set Tariff Filter Data,Success
09:09:2009::13:03:45:890,TC1: Pass 1,\System\Query Cost Reports.au3,Cost Movements,Refresh Form,Pending...
09:09:2009::13:03:45:906,TC1: Pass 1,\System\Query Cost Reports.au3,Cost Movements,Refresh Form,Success
09:09:2009::13:03:45:906,TC1: Pass 1,\System\Query Cost Reports.au3,Cost Movements,Export Grid Data,Pending...
09:09:2009::13:03:51:250,TC1: Pass 1,\System\Query Cost Reports.au3,Cost Movements,Export Grid Data,Success
09:09:2009::13:03:51:250,TC1: Pass 1,\System\Query Cost Reports.au3,Cost Movements,Close Form,Pending...
09:09:2009::13:03:51:781,TC1: Pass 1,\System\Query Cost Reports.au3,Cost Movements,Close Form,Success
09:09:2009::13:03:51:781,TC1: Pass 1,\System\Query Cost Reports.au3,Destinations and Dial Codes,Open Form,Pending...
09:09:2009::13:03:53:671,TC1: Pass 1,\System\Query Cost Reports.au3,Destinations and Dial Codes,Open Form,Success
09:09:2009::13:03:53:671,TC1: Pass 1,\System\Query Cost Reports.au3,Destinations and Dial Codes,Set Filter Data,Pending...
09:09:2009::13:03:54:390,TC1: Pass 1,\System\Query Cost Reports.au3,Destinations and Dial Codes,Set Filter Data,Success
09:09:2009::13:03:54:390,TC1: Pass 1,\System\Query Cost Reports.au3,Destinations and Dial Codes,Refrsh Form,Pending...
09:09:2009::13:03:54:390,TC1: Pass 1,\System\Query Cost Reports.au3,Destinations and Dial Codes,Refrsh Form,Success
09:09:2009::13:03:54:390,TC1: Pass 1,\System\Query Cost Reports.au3,Destinations and Dial Codes,Export Grid Data,Pending...
09:09:2009::13:04:00:187,TC1: Pass 1,\System\Query Cost Reports.au3,Destinations and Dial Codes,Export Grid Data,Success
09:09:2009::13:04:00:187,TC1: Pass 1,\System\Query Cost Reports.au3,Destinations and Dial Codes,Close Form,Pending...
09:09:2009::13:04:00:734,TC1: Pass 1,\System\Query Cost Reports.au3,Destinations and Dial Codes,Close Form,Success
09:09:2009::13:04:00:734,System,\System\Main.au3,n/a,Calling Query Cost Reports Function,Called
09:09:2009::13:04:00:734,System,\System\Main.au3,n/a,Calling Comparator Function,Pending...
 -------------------------------------- , -------------------------------------- , -------------------------------------- , -------------------------------------- , -------------------------------------- , --------------------------------------
09:09:2009::13:04:00:734,System,\System\Comparator.au3,n/a,Initializing Comparator Script,Success
09:09:2009::13:04:00:734,System,\System\Comparator.au3,n/a,Declaraing Cache and File Paths,Pending...
09:09:2009::13:04:00:750,System,\System\Comparator.au3,n/a,Declaraing Cache and File Paths,Success
09:09:2009::13:04:00:750,System,\System\Comparator.au3,n/a,Read Test case Deatils from Cache to Arrays,Pending...
09:09:2009::13:04:00:750,System,\System\Comparator.au3,n/a,Read Test case Deatils from Cache to Arrays,Success
09:09:2009::13:04:00:750,System,\System\Comparator.au3,n/a,Create Waiting-GUI,Pending...
09:09:2009::13:04:00:812,System,\System\Comparator.au3,n/a,Create Waiting-GUI,Success
09:09:2009::13:04:00:812,System,\System\Comparator.au3,n/a,Read Output Filelist from Cache,Pending...
09:09:2009::13:04:04:125,System,\System\Comparator.au3,n/a,Read Output Filelist from Cache,Success
09:09:2009::13:04:04:125,System,\System\Comparator.au3,n/a,Prepare Files for Comparison,Pending...
09:09:2009::13:04:04:125,System,\System\Comparator.au3,n/a,Prepare Files for Comparison,Success
09:09:2009::13:04:04:125,System,\System\Comparator.au3,n/a,Check Files for Presence,Pending...
09:09:2009::13:04:04:125,System,\System\Comparator.au3,n/a,Check Files for Presence,Success
09:09:2009::13:04:04:125,System,\System\Comparator.au3,n/a,Compare Excel Files,Pending...
09:09:2009::13:04:28:750,System,\System\Comparator.au3,n/a,Compare Excel Files,Success
09:09:2009::13:04:28:750,System,\System\Comparator.au3,n/a,Prepare Files for Comparison,Pending...
09:09:2009::13:04:28:750,System,\System\Comparator.au3,n/a,Prepare Files for Comparison,Success
09:09:2009::13:04:28:750,System,\System\Comparator.au3,n/a,Check Files for Presence,Pending...
09:09:2009::13:04:28:750,System,\System\Comparator.au3,n/a,Check Files for Presence,Success
09:09:2009::13:04:28:750,System,\System\Comparator.au3,n/a,Compare Excel Files,Pending...
09:09:2009::13:04:54:531,System,\System\Comparator.au3,n/a,Compare Excel Files,Success
09:09:2009::13:04:54:531,System,\System\Comparator.au3,n/a,Prepare Files for Comparison,Pending...
09:09:2009::13:04:54:531,System,\System\Comparator.au3,n/a,Prepare Files for Comparison,Success
09:09:2009::13:04:54:531,System,\System\Comparator.au3,n/a,Check Files for Presence,Pending...
09:09:2009::13:04:54:531,System,\System\Comparator.au3,n/a,Check Files for Presence,Success
09:09:2009::13:04:54:531,System,\System\Comparator.au3,n/a,Compare Excel Files,Pending...
09:09:2009::13:05:12:265,System,\System\Comparator.au3,n/a,Compare Excel Files,Success
09:09:2009::13:05:12:265,System,\System\Comparator.au3,n/a,Prepare Files for Comparison,Pending...
09:09:2009::13:05:12:265,System,\System\Comparator.au3,n/a,Prepare Files for Comparison,Success
09:09:2009::13:05:12:265,System,\System\Comparator.au3,n/a,Check Files for Presence,Pending...
09:09:2009::13:05:12:265,System,\System\Comparator.au3,n/a,Check Files for Presence,Success
09:09:2009::13:05:12:265,System,\System\Comparator.au3,n/a,Compare Excel Files,Pending...
09:09:2009::13:05:18:015,System,\System\Comparator.au3,n/a,Compare Excel Files,Success
09:09:2009::13:05:18:015,System,\System\Comparator.au3,n/a,Prepare Files for Comparison,Pending...
09:09:2009::13:05:18:015,System,\System\Comparator.au3,n/a,Prepare Files for Comparison,Success
09:09:2009::13:05:18:015,System,\System\Comparator.au3,n/a,Check Files for Presence,Pending...
09:09:2009::13:05:18:015,System,\System\Comparator.au3,n/a,Check Files for Presence,Success
09:09:2009::13:05:18:015,System,\System\Comparator.au3,n/a,Compare Excel Files,Pending...
09:09:2009::13:05:23:468,System,\System\Comparator.au3,n/a,Compare Excel Files,Success
09:09:2009::13:05:23:468,System,\System\Comparator.au3,n/a,Prepare Files for Comparison,Pending...
09:09:2009::13:05:23:484,System,\System\Comparator.au3,n/a,Prepare Files for Comparison,Success
09:09:2009::13:05:23:484,System,\System\Comparator.au3,n/a,Check Files for Presence,Pending...
09:09:2009::13:05:23:484,System,\System\Comparator.au3,n/a,Check Files for Presence,Success
09:09:2009::13:05:23:484,System,\System\Comparator.au3,n/a,Compare Excel Files,Pending...
09:09:2009::13:05:29:640,System,\System\Comparator.au3,n/a,Compare Excel Files,Success
09:09:2009::13:05:29:640,System,\System\Comparator.au3,n/a,Prepare Files for Comparison,Pending...
09:09:2009::13:05:29:656,System,\System\Comparator.au3,n/a,Prepare Files for Comparison,Success
09:09:2009::13:05:29:656,System,\System\Comparator.au3,n/a,Check Files for Presence,Pending...
09:09:2009::13:05:29:656,System,\System\Comparator.au3,n/a,Check Files for Presence,Success
09:09:2009::13:05:29:656,System,\System\Comparator.au3,n/a,Compare Excel Files,Pending...
09:09:2009::13:05:54:000,System,\System\Comparator.au3,n/a,Compare Excel Files,Success
09:09:2009::13:05:54:000,System,\System\Comparator.au3,n/a,Prepare Files for Comparison,Pending...
09:09:2009::13:05:54:000,System,\System\Comparator.au3,n/a,Prepare Files for Comparison,Success
09:09:2009::13:05:54:000,System,\System\Comparator.au3,n/a,Check Files for Presence,Pending...
09:09:2009::13:05:54:000,System,\System\Comparator.au3,n/a,Check Files for Presence,Success
09:09:2009::13:05:54:000,System,\System\Comparator.au3,n/a,Compare Excel Files,Pending...
09:09:2009::13:06:20:953,System,\System\Comparator.au3,n/a,Compare Excel Files,Success
09:09:2009::13:06:20:953,System,\System\Comparator.au3,n/a,Prepare Files for Comparison,Pending...
09:09:2009::13:06:20:968,System,\System\Comparator.au3,n/a,Prepare Files for Comparison,Success
09:09:2009::13:06:20:968,System,\System\Comparator.au3,n/a,Check Files for Presence,Pending...
09:09:2009::13:06:20:968,System,\System\Comparator.au3,n/a,Check Files for Presence,Success
09:09:2009::13:06:20:968,System,\System\Comparator.au3,n/a,Compare Excel Files,Pending...
09:09:2009::13:06:38:609,System,\System\Comparator.au3,n/a,Compare Excel Files,Success
09:09:2009::13:06:38:609,System,\System\Comparator.au3,n/a,Prepare Files for Comparison,Pending...
09:09:2009::13:06:38:609,System,\System\Comparator.au3,n/a,Prepare Files for Comparison,Success
09:09:2009::13:06:38:609,System,\System\Comparator.au3,n/a,Check Files for Presence,Pending...
09:09:2009::13:06:38:609,System,\System\Comparator.au3,n/a,Check Files for Presence,Success
09:09:2009::13:06:38:609,System,\System\Comparator.au3,n/a,Compare Excel Files,Pending...
09:09:2009::13:06:44:078,System,\System\Comparator.au3,n/a,Compare Excel Files,Success
09:09:2009::13:06:44:078,System,\System\Comparator.au3,n/a,Prepare Files for Comparison,Pending...
09:09:2009::13:06:44:093,System,\System\Comparator.au3,n/a,Prepare Files for Comparison,Success
09:09:2009::13:06:44:093,System,\System\Comparator.au3,n/a,Check Files for Presence,Pending...
09:09:2009::13:06:44:093,System,\System\Comparator.au3,n/a,Check Files for Presence,Success
09:09:2009::13:06:44:093,System,\System\Comparator.au3,n/a,Compare Excel Files,Pending...
09:09:2009::13:06:49:703,System,\System\Comparator.au3,n/a,Compare Excel Files,Success
09:09:2009::13:06:49:703,System,\System\Comparator.au3,n/a,Prepare Files for Comparison,Pending...
09:09:2009::13:06:49:703,System,\System\Comparator.au3,n/a,Prepare Files for Comparison,Success
09:09:2009::13:06:49:703,System,\System\Comparator.au3,n/a,Check Files for Presence,Pending...
09:09:2009::13:06:49:703,System,\System\Comparator.au3,n/a,Check Files for Presence,Success
09:09:2009::13:06:49:703,System,\System\Comparator.au3,n/a,Compare Excel Files,Pending...
09:09:2009::13:06:56:000,System,\System\Comparator.au3,n/a,Compare Excel Files,Success
09:09:2009::13:06:56:000,System,\System\Comparator.au3,n/a,Delete Wait-GUI,Pending...
09:09:2009::13:06:56:000,System,\System\Comparator.au3,n/a,Delete Wait-GUI,Success
09:09:2009::13:06:56:046,System,\System\Main.au3,n/a,Calling Comparator Function,Called
09:09:2009::13:06:56:046,System,\System\Main.au3,n/a,Set Test Case status in Grid Status Cache,Pending...
09:09:2009::13:06:56:078,System,\System\Main.au3,n/a,Set Test Case status in Grid Status Cache,Success
09:09:2009::13:06:56:078,System,\System\Main.au3,n/a,Save Test Case Execution Time,Pending...
09:09:2009::13:06:56:078,System,\System\Main.au3,n/a,Save Test Case Execution Time,Success
09:09:2009::13:06:56:078,System,\System\Main.au3,n/a,Save Profile Execution Time,Pending...
09:09:2009::13:06:56:078,System,\System\Main.au3,n/a,Save Profile Execution Time,Success
09:09:2009::13:06:56:078,System,\System\Main.au3,n/a,Calling Query Cost Reports Function,Pending...
 -------------------------------------- , -------------------------------------- , -------------------------------------- , -------------------------------------- , -------------------------------------- , --------------------------------------
09:09:2009::13:06:56:078,System,\System\Summary.au3,n/a,Initializing Summary Script,Success
09:09:2009::13:06:56:078,System,\System\Summary.au3,n/a,Declare Cache and File Paths,Pending...
09:09:2009::13:06:56:078,System,\System\Summary.au3,n/a,Declare Cache and File Paths,Success
09:09:2009::13:06:56:078,System,\System\Summary.au3,n/a,Prepare Summary Report,Pending...
09:09:2009::13:06:56:078,System,\System\Summary.au3,n/a,Prepare Summary Report,Success
09:09:2009::13:06:56:093,System,\System\Summary.au3,n/a,Create Wait-GUI for Mail,Pending...
09:09:2009::13:06:56:140,System,\System\Summary.au3,n/a,Create Wait-GUI for Mail,Success
09:09:2009::13:06:56:140,System,\System\Summary.au3,n/a,Send Summary EMail,Pending...
09:09:2009::13:07:00:609,System,\System\Summary.au3,n/a,Send Summary EMail,Success
09:09:2009::13:07:00:609,System,\System\Summary.au3,n/a,Delete Wait-GUI for Mail,Pending...
09:09:2009::13:07:00:609,System,\System\Summary.au3,n/a,Delete Wait-GUI for Mail,Success
09:09:2009::13:07:00:609,System,\System\Summary.au3,n/a,Show Summary Report,Pending...
09:09:2009::13:07:18:265,System,\System\Summary.au3,n/a,Show Summary Report,Success
09:09:2009::13:07:18:265,System,\System\Main.au3,n/a,Calling Summary Function,Called
09:09:2009::13:07:18:265,System,\System\Main.au3,n/a,Closing Main Script,Success
