Name	Tag	Description
Abs		
	Check	Number
	Return	Absolute value of expression
ACos		
	Check	Number
	Return	arcCosine of expression
AdlibRegister		
	Return	None
AdlibUnRegister		
	Return	None
Asc		
	Check	None
	Return	ASCII code
AscW		
	Check	None
	Return	Unicode code
Asin		
	Check	Number
	Return	Arcsine of expression
Assign		
	Check	Integer, Boolean
	Return	Success 1. Failure 0
	Flag	0 Create if required, 1 Force local, 2 Force global, 4 Fail if not already exist
ATan		
	Check	Number
	Return	arctangent of expression in radians
AutoItWinGetTitle		
	Check	String
	Return	String containing the title of the AutoIt window
AutoItWinSetTitle		
	Return	None
Beep		
	Return	Success 1 regardless
Binary		
	Return	Binary variant
BinaryLen		
	Check	Integer
	Return	Length of the binary data in bytes
BinaryMid		
	Return	Extracted binary data
BinaryToString		
	Check	String, @error
	Return	Success string. Failure "". @error 1 Zero length string, 2 Odd number of bytes
	Flag	1 ANSI, 2 UTF16 little endian, 3 UTF16 big endian, 4 UTF8
BitAND		
	Return	Integer
BitNOT		
	Return	Integer
BitOR		
	Return	Integer
BitRotate		
	Check	@error
	Return	Success rotated bits. @error not 0 if size is invalid
BitShift		
	Return	Integer
BitXOR		
	Return	Integer
BlockInput		
	Check	Integer, Boolean
	Return	Success 1. Failure 0 already enabled or #RequireAdmin not used
Break		
	Return	None
	Mode	1 Enabled, 2 Disabled tray icon
Call		
	Check	@error, @extended, value
	Return	Success called called function value, @error, extended. @error 0xDEAD and @extended 0xBEEF
CDTray		
	Check	Integer, Boolean
	Return	Success 1. Failure 0 if drive is locked or the drive letter is not a CD drive
	Status	"OPEN", "CLOSE"
Ceiling		
	Return	Rounded Number
Chr		
	Check	String, Boolean, @error
	Return	Success ASCII string. Failure "". @error 1 if ASCIIcode >255
ChrW		
	Check	String, Boolean, @error
	Return	Success unicode string. Failure "". @error to not 0 if the UNICODEcode is >65535
ClipGet		
	Check	@error
	Return	Success string. @error 1 Clipboard is empty, 2 Contains not text, 3 or 4 Cannot Access clipboard
ClipPut		
	Check	Integer, Boolean
	Return	Success 1. Failure 0
ConsoleRead		
	Check	String, @error
	Return	Success string. @extended with number of bytes read. @error not 0
ConsoleWrite		
	Return	Number of binary bytes or text chars
ConsoleWriteError		
	Return	Number of binary bytes or text chars
ControlClick		
	Check	Integer, Boolean
	Return	Success 1. Failure 0
	Button	"" or "LEFT" or "PRIMARY" or "MAIN" Left, "RIGHT" or "SECONDARY" or "MENU" Right, "MIDDLE" Middle
ControlDisable		
	Check	Integer, Boolean
	Return	Success 1. Failure 0
ControlEnable		
	Check	Integer, Boolean
	Return	Success 1. Failure 0
ControlFocus		
	Check	Integer, Boolean
	Return	Success 1. Failure 0
ControlGetFocus		
	Check	String, Boolean, @error
	Return	Success classnameNN string. Failure "". @error 1 if window not found
ControlGetHandle		
	Handle	Boolean, @error
	Return	Success handle. Failure "". @error if no window matches 
ControlGetPos		
	Check	Array, @error
	Return	Success array e.g. $a[0] X, $a[1] Y, $a[2] W, $a[3] H. @error 1
ControlGetText		
	Check	String, Boolean, @error
	Return	Success string. Failure "". @error not 0
ControlHide		
	Check	Integer, Boolean
	Return	Success 1. Failure 0 if window/control not found
ControlMove		
	Check	Integer, Boolean
	Return	Success 1. Failure 0 if window/control not found
ControlSend		
	Check	Integer, Boolean
	Return	Success 1. Failure 0 if window/control not found
	Flag	0 Special keys also used, 1 Raw keys
ControlSetText		
	Check	Integer, Boolean
	Return	Success 1. Failure 0 if window/control not found
	Flag	0 Default, Not 0 Force target window to be redrawn
ControlShow		
	Check	Integer, Boolean
	Return	Success 1. Failure 0 if window/control not found
Cos		
	Check	Number
	Return	Cosine of expression
Dec		
	Check	Number, Boolean, @error
	Return	Success number. Failure 0. @error 1 Invalid hex string or overflow
	Flag	0 Integer, 1 32 bit Integer, 64 bit Integer, Double
DirCopy		
	Check	Integer, Boolean
	Return	Success 1. Failure 0
	Flag	0 Not overwrite files, 1 Overwrite files
DirCreate		
	Check	Integer, Boolean
	Return	Success 1. Failure 0
DirGetSize		
	Check	Integer, Array, @error
	Return	Success >=0 size in bytes. Failure -1. @error 1 if path does not exist
	Flag	0 Number, 1 Array with extended info, 2 Recurse off
DirMove		
	Check	Integer, Boolean
	Return	Success 1. Failure 0
	Flag	0 Not overwrite files, 1 Overwrite files
DirRemove		
	Check	Integer, Boolean
	Return	Success 1. Failure 0
	Recurse	0 Not files and subdirectories, 1 Remove files and subdirectories
DllCall		
	Check	Array, @error
	Return	Success array. @error 1 Unable to use Dll, 2 Unknown "return type",\n\t\t 3 "function" not found, 4 Bad number of parameters, 5 Bad parameter
DllCallAddress		
	Check	@error
	Return	Success array. @error 2 Unknown "return type", 4 Bad number of parameters, 5 Bad parameter
DllCallbackFree		
	Return	None
DllCallbackGetPtr		
	Return	Success ptr. Failure 0
DllCallbackRegister		
	Check	Handle
	Return	Success handle. Failure 0
DllClose		
	Return	None
DllOpen		
	Check	Handle
	Return	Success handle. Failure -1
DllStructCreate		
	Check	Boolean, @error
	Return	Success variable. Failure 0. @error 1 String not passed, 2 Unknown data type passed,\n\t\t 3 Not allocate memory for struct or ptr, 4 Not allocate memory for passed string
DllStructGetData		
	Check	Boolean, @error
	Return	Success data in element of struct. Failure 0. @error 1 Bas struct, 2 Element value out of range,\n\t\t 3 index outside of struct, 4 Element data type unknown, 5 Index <=0
DllStructGetPtr		
	Check	Boolean, @error
	Return	Success ptr. Failure 0. @error 1 Bad struct, 2 Element out of bounds
DllStructGetSize		
	Check	Boolean, @error
	Return	Success integer size in bytes. Failure 0. @error 1 Bad struct
DllStructSetData		
	Check	Boolean, @error
	Return	Success variable. Failure 0. @error 1 Bad struct, 2 Element value out of range,\n\t\t 3 Index outside of struct, 4 Element data type unknown, 5 Index <=0
DriveGetDrive		
	Check	Array, @error
	Return	Success 1 based array of strings e.g. "C:". Failure "". @error 1
	Type	"ALL", "CDROM", "REMOVABLE", "FIXED", "NETWORK", "RAMDISK", "UNKNOWN"
DriveGetFileSystem		
	Check	String, Integer, @error
	Return	Success 1 No media, "FAT", "FAT32", "NTFS", "NWFS" Novell Netware, "CDFS", "UDF". @error 1
DriveGetLabel		
	Check	String, @error
	Return	Success string. @error 1
DriveGetSerial		
	Check	Number, @error
	Return	Success number. @error 1
DriveGetType		
	Check	String, Boolean, @error
	Return	Success String as set by operation. Failure "". @error 1 Bad path passed
	Operation	1 Type e.g. "UNKNOWN", "REMOVABLE", "FIXED", "NETWORK", "CDROM", "RAMDISK",\n\t\t 2 SSD status e.g. "SSD", "",\n\t\t 3 Bus type e.g. "UNKNOWN", "SCSI", "ATAPI", "ATA", "1394", "SSA", "FIBRE", "USB",\n\t\t "RAID", "ISCSI", "SAS", "SATA", "SD", "MMC", "VIRTUAL", "FILEBACKEDVIRTUAL"
DriveMapAdd		
	Check	Integer, Boolean, @error
	Return	Success 1. Failure 0. @error 1 Undefined, 2 Access remote share denied, 3 Already assigned,\n\t\t 4 Invalid device name, 5 Invalid remote share, 6 Invalid password
	Flags	0 Default, 1 Persistant map, 8 Show authentication dialog if required
DriveMapDel		
	Check	Integer, Boolean
	Return	Success 1. Failure 0
DriveMapGet		
	Check	String, @error
	Return	Success string. Failure "". @error not 0
DriveSetLabel		
	Check	Integer, Boolean
	Return	Success 1. Failure 0
DriveSpaceFree		
	Check	Number, Boolean, @error
	Return	Success number in MBs. 0 Failure 0. @error 1
DriveSpaceTotal		
	Check	Number, @error
	Return	Success number in MBs. @error 1
DriveStatus		
	Check	String
	Return	"UNKNOWN", "READY", "NOTREADY", "INVALID"
EnvGet		
	Check	String, Boolean
	Return	Success string. Failure ""
EnvSet		
	Check	Integer, Boolean
	Return	Success not 0. Failure 0
EnvUpdate		
	Check	@error
	Return	Success None. @error 1
Eval		
	Check	@error
	Return	Success value of variable. Failure "". @error not 0
Execute		
	Check	@error
	Return	Success evaluated expression. Failure "". @error not 0
Exp		
	Return	Raised to power of a number
FileChangeDir		
	Check	Integer, Boolean
	Return	Success 1. Failure 0
FileClose		
	Check	Integer, Boolean
	Return	Success 1. Failure 0 if handle is invalid
FileCopy		
	Check	Integer, Boolean
	Return	Success 1. Failure 0
	Flag	0 Not overwrite files, 1 Overwrite files, 8 Create directory structure
FileCreateNTFSLink		
	Check	Integer, Boolean
	Return	Success 1. Failure 0
	Flag	0 Not overwrite link, 1 Overwrite link
FileCreateShortcut		
	Check	Integer, Boolean
	Return	Success 1. Failure 0
FileDelete		
	Check	Integer, Boolean
	Return	Success 1. Failure 0
FileExists		
	Check	Integer, Boolean
	Return	Success 1. Failure 0
FileFindFirstFile		
	Check	Handle
	Return	Success handle. Failure -1. @error 1 if folder is empty
FileFindNextFile		
	Check	@error, @extended
	Return	Success string of file found. @extended 1 if directory. @error 1 if no match
FileFlush		
	Check	Boolean
	Return	Success True. Failure False
FileGetAttrib		
	Check	String, Boolean, @error
	Return	Success string of attributes e.g. "RASHNDOCT". Failure "". @error not 0
FileGetEncoding		
	Check	Integer
	Return	0 ANSI, 0x20 UTF16 little endian, 0x40 UTF16 big endian, 0x80 UTF8 BOM, 0x100 UTF8
	Mode	1 Check entire file for UTF8 sequences, 2 Check 1st part of file for UTF8 sequences
FileGetLongName		
	Check	@error
	Return	Success string. Failure string parameter. @error 1
	Flag	0 Default, 1 File is relative path
FileGetPos		
	Check	Integer, @error
	Return	Success integer >=0. Failure 0. @error not 0
FileGetShortcut		
	Check	Array, @error
	Return	Success array. @error 1
FileGetShortName		
	Check	String, @error
	Return	Success string 8.3 pathname. Failure string parameter. @error 1
	Flag	1 Relative path
FileGetSize		
	Check	Number, @error
	Return	Success size in bytes. Failure 0. @error 1
FileGetTime		
	Check	Array, String
	Return	Success array or string. Failure 0. @error 1
	Option	0 Modified, 1 Created, 2 Accessed
	Format	0 Array e.g. year[0] month[1] day[2] hour[3] min[4] sec[5], 1 String e.g. "YYYYMMDDHHMMSS"
FileGetVersion		
	Check	String, @error
	Return	Success string e.g. 1.0.0.0, 0.0.0.0 No info. Failure "". @error not 0
FileInstall		
	Check	Integer, Boolean
	Return	Success 1. Failure 0
	Flag	0 Not overwrite files, 1 Overwrite files
FileMove		
	Check	Integer, Boolean
	Return	Success 1. Failure 0
	Flag	0 Not overwrite files, 1 Overwrite files, 8 Create directory structure
FileOpen		
	Check	Handle
	Return	Success handle. Failure -1
	Mode	0 Read, 1 Write append, 2 Write erase, 8 Create directory,\n\t\t 0x10 Force binary mode, 0x20 UTF16 little endian, 0x40 UTF16 big endian,\n\t\t 0x80 UTF8 BOM, 0x100 UTF8, 0x4000 UTF8 Full detection without BOM
FileOpenDialog		
	Check	String, @error
	Return	Success string. @error 1 Selection fail, 2 Bad file filter
	Filter	e.g. "All (*.*)" or delimited "All (*.*)|Text (*.txt)"
	Options	1 File must exist, 2 Path must exist, 4 Multiselect, 8 Prompt to create new file
FileRead		
	Check	String, @error, @extended
	Return	Success string. @extended number of chars/bytes read. @error -1 EOF, 1 Other
FileReadLine		
	Check	String, @error
	Return	Success string. @error -1 EOF, 1 Other
FileReadToArray		
	Check	Array, @error
	Return	Success 1D array with each line per element. @error 1 Unable to open file, 2 Empty file
FileRecycle		
	Check	Integer, Boolean
	Return	Success 1. Failure 0
FileRecycleEmpty		
	Check	Integer, Boolean
	Return	Success 1. Failure 0
FileSaveDialog		
	Check	String, @error
	Return	Success string. @error 1 Selection failed, 2 Bad file filter
	Filter	e.g. "All (*.*)" or delimited "All (*.*)|Text (*.txt)"
	Options	2 Path must exist, 0x10 Prompt to overwrite
FileSelectFolder		
	Check	String, Boolean, @error
	Return	Success string full path. Failure "". @error 1 if cancelled/closed window
	Flag	1 Create folder button, 2 New dialog style, 4 Show edit control
FileSetAttrib		
	Check	Integer, Boolean
	Return	Success 1. Failure 0
FileSetPos		
	Check	Boolean
	Return	Success True. Failure False
	Origin	0 SOF, 1 Current position, 2 EOF
FileSetTime		
	Check	Integer, Boolean
	Return	Success 1. Failure 0
	Time	e.g. "YYYYMMDDHHMMSS" or "" for current time
	Type	0 Modified, 1 Created, 2 Accessed
	Recurse	0 False, 1 True
FileWrite		
	Check	Integer, Boolean
	Return	Success 1. Failure 0
FileWriteLine		
	Check	Integer, Boolean
	Return	Success 1. Failure 0
Floor		
	Return	Integer rounded down
FtpSetProxy		
	Return	None
	Mode	0 Default, 1 Direct access, 2 Proxy access
FuncName		
	Return	String name of function. Failure "". @error 1
GUICreate		
	Check	Handle, Boolean, @error
	Return	Success handle. Failure 0. @error 1
GUICtrlCreateAvi		
	Check	Integer, Boolean
	Return	Success integer ctrlID. Failure 0
GUICtrlCreateButton		
	Check	Integer, Boolean
	Return	Success integer ctrlID. Failure 0
GUICtrlCreateCheckbox		
	Check	Integer, Boolean
	Return	Success integer ctrlID. Failure 0
GUICtrlCreateCombo		
	Check	Integer, Boolean
	Return	Success integer ctrlID. Failure 0
GUICtrlCreateContextMenu		
	Check	Integer, Boolean
	Return	Success integer ctrlID. Failure 0
GUICtrlCreateDate		
	Check	Integer, Boolean
	Return	Success integer ctrlID. Failure 0
GUICtrlCreateDummy		
	Check	Integer, Boolean
	Return	Success integer ctrlID. Failure 0
GUICtrlCreateEdit		
	Check	Integer, Boolean
	Return	Success integer ctrlID. Failure 0
GUICtrlCreateGraphic		
	Check	Integer, Boolean
	Return	Success integer ctrlID. Failure 0
GUICtrlCreateGroup		
	Check	Integer, Boolean
	Return	Success integer ctrlID. Failure 0
GUICtrlCreateIcon		
	Check	Integer, Boolean
	Return	Success integer ctrlID. Failure 0
GUICtrlCreateInput		
	Check	Integer, Boolean
	Return	Success integer ctrlID. Failure 0
GUICtrlCreateLabel		
	Check	Integer, Boolean
	Return	Success integer ctrlID. Failure 0
GUICtrlCreateList		
	Check	Integer, Boolean
	Return	Success integer ctrlID. Failure 0
GUICtrlCreateListView		
	Check	Integer, Boolean
	Return	Success integer ctrlID. Failure 0
GUICtrlCreateListViewItem		
	Check	Integer, Boolean
	Return	Success integer ctrlID. Failure 0
GUICtrlCreateMenu		
	Check	Integer, Boolean
	Return	Success integer ctrlID. Failure 0
GUICtrlCreateMenuitem		
	Check	Integer, Boolean
	Return	Success integer ctrlID. Failure 0
GUICtrlCreateMonthCal		
	Check	Integer, Boolean
	Return	Success integer ctrlID. Failure 0
GUICtrlCreateObj		
	Check	Integer, Boolean
	Return	Success integer ctrlID. Failure 0
GUICtrlCreatePic		
	Check	Integer, Boolean
	Return	Success integer ctrlID. Failure 0
GUICtrlCreateProgress		
	Check	Integer, Boolean
	Return	Success integer ctrlID. Failure 0
GUICtrlCreateRadio		
	Check	Integer, Boolean
	Return	Success integer ctrlID. Failure 0
GUICtrlCreateSlider		
	Check	Integer, Boolean
	Return	Success integer ctrlID. Failure 0
GUICtrlCreateTab		
	Check	Integer, Boolean
	Return	Success integer ctrlID. Failure 0
GUICtrlCreateTabItem		
	Check	Integer, Boolean
	Return	Success integer ctrlID. Failure 0
	Text	Use "" to close tab item
GUICtrlCreateTreeView		
	Check	Integer, Boolean
	Return	Success integer ctrlID. Failure 0
GUICtrlCreateTreeViewItem		
	Check	Integer, Boolean
	Return	Success integer ctrlID. Failure 0
GUICtrlCreateUpdown		
	Check	Integer, Boolean
	Return	Success integer ctrlID. Failure 0
GUICtrlDelete		
	Check	Integer, Boolean
	Return	Success 1. Failure 0
GUICtrlGetHandle		
	Check	Integer, Boolean
	Return	Success integer ctrlID. Failure 0
GUICtrlGetState		
	Check	Integer
	Return	Success integer state. Failure -1
GUICtrlRead		
	Return	Success varies. Failure 0
	Advanced	0 Default value, state or data. 1 Extended information
GUICtrlRecvMsg		
	Return	Success varies. Failure 0
GUICtrlRegisterListViewSort		
	Return	Integer
GUICtrlSendMsg		
	Return	Success varies. Failure 0
GUICtrlSendToDummy		
	Check	Integer, Boolean
	Return	Success 1. Failure 0
GUICtrlSetBkColor		
	Check	Integer, Boolean
	Return	Success 1. Failure 0
GUICtrlSetColor		
	Check	Integer, Boolean
	Return	Success 1. Failure 0
GUICtrlSetCursor		
	Check	Integer, Boolean
	Return	Success 1. Failure 0, -1 Invalid data
GUICtrlSetData		
	Check	Integer
	Return	Success 1. Failure 0
GUICtrlSetDefBkColor		
	Check	Integer, Boolean
	Return	Success 1. Failure 0
GUICtrlSetDefColor		
	Check	Integer, Boolean
	Return	Success 1. Failure 0
GUICtrlSetFont		
	Check	Integer, Boolean
	Return	Success 1. Failure 0
	Weight	400 Default
	Attribute	2 Italic, 4 Underline, 8 Strike
GUICtrlSetGraphic		
	Check	Integer
	Return	Success 1. Failure 0, -1 Invalid data
GUICtrlSetImage		
	Check	Integer, Boolean
	Return	Success 1. Failure 0
GUICtrlSetLimit		
	Check	Integer, Boolean
	Return	Success 1. Failure 0
GUICtrlSetOnEvent		
	Check	Integer, Boolean
	Return	Success 1. Failure 0
GUICtrlSetPos		
	Check	Integer, Boolean
	Return	Success 1. Failure 0
GUICtrlSetResizing		
	Check	Integer, Boolean
	Return	Success 1. Failure 0
GUICtrlSetState		
	Check	Integer, Boolean
	Return	Success 1. Failure 0
GUICtrlSetStyle		
	Check	Integer, Boolean
	Return	Success 1. Failure 0
GUICtrlSetTip		
	Check	Integer, Boolean
	Return	Success 1. Failure 0
GUIDelete		
	Check	Integer, Boolean
	Return	Success 1. Failure 0
GUIGetCursorInfo		
	Check	Array, @error
	Return	Success array e.g. a[0] x, a[1] y, a[2] primary, a[3] secondary, a[4] hover_ctrlID. Failure 0. @error 1
GUIGetMsg		
	Check	Integer, Array
	Return	Success Integer ctrlID or array. 0 No event
	Advanced	0 Single event, 1 Array containing event and extended info
GUIGetStyle		
	Return	Array
	Check	Success array e.g. a[0] style, a[1] exstyle. Failure 0
GUIRegisterMsg		
	Check	Integer, Boolean
	Return	Success 1. Failure 0
GUISetAccelerators		
	Check	Integer, Boolean
	Return	Success 1. Failure 0
GUISetBkColor		
	Check	Integer, Boolean
	Return	Success 1. Failure 0
GUISetCoord		
	Check	Integer, Boolean
	Return	Success 1. Failure 0
GUISetCursor		
	Return	None
	Override	0 Not override, 1 Override ctrls mouse curser
GUISetFont		
	Check	Integer, Boolean
	Return	Success 1. Failure 0
	Weight	400 Default
	Attribute	2 Italic, 4 Underline, 8 Strike
GUISetHelp		
	Check	Integer, Boolean
	Return	Success 1. Failure 0
GUISetIcon		
	Check	Integer, Boolean
	Return	Success 1. Failure 0
GUISetOnEvent		
	Check	Integer, Boolean
	Return	Success 1. Failure 0
GUISetState		
	Check	Integer, Boolean
	Return	Success 1. Failure 0
GUISetStyle		
	Check	Integer, Boolean
	Return	Success 1. Failure 0
GUIStartGroup		
	Check	Integer, Boolean
	Return	Success 1. Failure 0
GUISwitch		
	Check	Handle, Boolean
	Return	Success handle. Failure Not handle
Hex		
	Check	String, Boolean
	Return	Success string representation of an integer. Failure ""
HotKeySet		
	Check	Integer, Boolean
	Return	Success 1. Failure 0
HttpSetProxy		
	Return	None
	Mode	0 Default, 1 Direct access, 2 Proxy access
HttpSetUserAgent		
	Return	None
HWnd		
	Check	@error
	Return	Success HWND representation. Failure 0. @error 1
InetClose		
	Check	Boolean
	Return	Success True. Failure False
InetGet		
	Return	Success handle if background, Bytes if wait. Failure handle if background, 0 wait sets @error not 0
	Options	0 Local cache, 1 Force reload, 2 Ignore SSL errors, 4 ASCII mode, 8 Binary mode, 0x10 Not force connect
	Background	0 Wait, 1 Background
InetGetInfo		
	Check	@error
	Return	Success data. Failure "". @error not 0
	Index	-1 Array, 0 Bytes read, 1 Size, 2 Finish state, 3 Success state, 4 Error value, 5 Extended value
InetGetSize		
	Check	Integer, Boolean, @error
	Return	Success integer in bytes. Failure 0. @error not 0
	Options	0 Local cache, 1 Force reload, 2 Ignore SSL errors, 4 ASCII mode, 8 Binary mode
InetRead		
	Check	String, Boolean, @error
	Return	Success string as binary. @extended number of bytes. Failure "". @error not 0
	Options	0 Local cache, 1 Force reload, 2 Ignore SSL errors, 4 ASCII mode, 8 Binary mode, 0x10 Not force connect
IniDelete		
	Check	Integer, Boolean
	Return	Success 1. Failure 0
IniRead		
	Check	String
	Return	Success string. Failure the default string 
IniReadSection		
	Check	2DArray, @error
	Return	Success 2d array e.g. a[n][0] key a[n][1] value. @error 1
IniReadSectionNames		
	Check	Array, @error
	Return	Success array. @error not 0
IniRenameSection		
	Check	Integer, Boolean
	Return	Success not 0. Failure 0. May set @error not 0
	Flag	0 Fail if section exist, 1 Overwrite section and erase keys
IniWrite		
	Check	Integer, Boolean
	Return	Success 1. Failure 0
IniWriteSection		
	Check	Integer, Boolean, @error
	Return	Success 1. Failure 0. @error 1 if data format is invalid
InputBox		
	Check	String, Boolean, @error
	Return	Success string entered. Failure "". @error 1 Cancelled, 2 Timeout, 3 Failed to open, 4 Failed to show, 5 Invalid parameters
Int		
	Return	Integer
	Flag	0 Auto sized Integer, 1 32 bit Integer, 2 64 bit Integer
IsAdmin		
	Check	Integer, Boolean
	Return	Success 1. Failure 0
IsArray		
	Check	Integer, Boolean
	Return	Success 1. Failure 0
IsBinary		
	Check	Integer, Boolean
	Return	Success 1. Failure 0
IsBool		
	Check	Integer, Boolean
	Return	Success 1. Failure 0
IsDeclared		
	Check	Integer, Boolean
	Return	0 Not found, -1 Local, 1 Global
IsDllStruct		
	Check	Integer, Boolean
	Return	Success 1. Failure 0
IsFloat		
	Check	Integer, Boolean
	Return	Success 1. Failure 0
IsFunc		
	Check	Integer
	Return	1 UDF, 2 Builtin. Failure 0
IsHWnd		
	Check	Integer, Boolean
	Return	Success 1. Failure 0
IsInt		
	Check	Integer, Boolean
	Return	Success 1. Failure 0
IsKeyword		
	Check	Integer, Boolean
	Return	Success 1. Failure 0
IsNumber		
	Check	Integer, Boolean
	Return	Success 1. Failure 0
IsObj		
	Check	Integer, Boolean
	Return	Success 1. Failure 0
IsPtr		
	Check	Integer, Boolean
	Return	Success 1. Failure 0
IsString		
	Check	Integer, Boolean
	Return	Success 1. Failure 0
Log		
	Return	Success Logarithm. Failure -1#IND for not positive parameters
MemGetStats		
	Return	Array e.g. a[0] Memory load, a[1] Total physical ram, a[2] Available physical ram, a[3] Total page file,\n\t\t a[4] Available page file, a[5] Total virtual, a[6] Available virtual
Mod		
	Return	Success Remainder. Failure -1#IND if divisor is 0
MouseClick		
	Check	Integer, Boolean
	Return	Success 1. Failure 0
	Button	"LEFT", "RIGHT", "MIDDLE", "MAIN", "MENU", "PRIMARY", "SECONDARY"
	Speed	0 (fast) to 100 (slow). Default is 10
MouseClickDrag		
	Check	Integer, Boolean
	Return	Success 1. Failure 0
	Button	"LEFT", "RIGHT", "MIDDLE", "MAIN", "MENU", "PRIMARY", "SECONDARY"
	Speed	0 (fast) to 100 (slow). Default is 10
MouseDown		
	Check	Integer, Boolean
	Return	Success 1. Failure 0
	Button	"LEFT", "RIGHT", "MIDDLE", "MAIN", "MENU", "PRIMARY", "SECONDARY"
MouseGetCursor		
	Check	Integer
	Return	0 Unknown 1 AppStarting, 2 Arrow, 3 Cross, 4 Help, 5 Beam, 6 Icon, 7 No, 8 Size, 9 SizeAll,\n\t\t 0xA SizeNESW, 0xB SizeNS, 0xC SizeNWSE, 0xD SizeWE, 0xE UpArrow, 0xF Wait, 0x10 Hand
MouseGetPos		
	Check	Array, Integer, @error
	Return	Success Array[2] or integer. @error 1 if dimension is not a number
	Dimension	None = 2 element array, 0 = X pos as integer, 1 = Y pos as integer
MouseMove		
	Return	None
	Speed	0 (fast) to 100 (slow). Default is 10
MouseUp		
	Check	Integer, Boolean
	Return	Success 1. Failure 0
	Button	"LEFT", "RIGHT", "MIDDLE", "MAIN", "MENU", "PRIMARY", "SECONDARY"
MouseWheel		
	Check	Integer, Boolean
	Return	Success 1. Failure 0
	Direction	"UP", "DOWN"
MsgBox		
	Check	Integer
	Return	-1 Timeout, 1 OK, 2 Cancel, 3 Abort, 4 Retry, 5 Ignore, 6 Yes, 7 No, 0xA Try Again, 0xB Continue
	Button	0 OK, 1 OK-Cancel, 2 Abort-Retry-Ignore, 3 Yes-No-Cancel, 4 Yes-No, 5 Retry-Cancel, 6 Cancel-Try~Again-Continue
	Icon	0 None, 0x10 Stop, 0x20 Question, 0x30 Exclaimation, 0x40 Information
	Default_Button	0 1st, 0x100 2nd, 0x200 3rd
	Modality	0 Application, 0x1000 System, 0x2000 Task
	Misc	0 None, 0x40000 Top-Most, 0x80000 Right-Justified
Number		
	Return	Number
	Flag	0 Auto sized Integer, 1 32 bit Integer, 2 64 bit Integer, 3 Double
ObjCreate		
	Check	Object, @error
	Return	Success object. Failure 0. @error 1
ObjCreateInterface		
	Check	Object, @error
	Return	Success object. Failure 0. @error not 0
ObjEvent		
	Check	Object, String
	Return	Success object or function name. Failure "". @error 1
ObjGet		
	Check	Object
	Return	Success object. Failure 0. @error 1
ObjName		
	Check	String, Boolean
	Return	Success string. Failure "". @error not 0
	Flag	1 Object name, 2 Object description, 3 Object ProgID, 4 Object association, 5 Module name, 6 Object CLSID, 7 Object IID
OnAutoItExitRegister		
	Check	Integer, @extended
	Return	Success 1. @extended if already registered. Failure 0
OnAutoItExitUnRegister		
	Check	Integer, Boolean
	Return	Success 1. Failure 0
Ping		
	Check	Integer, Boolean, @error
	Return	Success integer in ms. Failure 0. @error 1 Host offline, 2 Host unreachable, 3 Bad destination, 4 Other
PixelChecksum		
	Check	Integer, Boolean
	Return	Success crc32 integer. Failure 0
PixelGetColor		
	Check	Integer
	Return	Success Integer. Failure -1 if invalid coordinates
PixelSearch		
	Check	Array, @error
	Return	Success array e.g. a[0] x, a[1] y. @error 1 if color not found
PluginClose		
	Check	Integer, Boolean
	Return	Success 1. Failure 0
PluginOpen		
	Check	Handle
	Return	Success handle. Failure 0
ProcessClose		
	Check	Integer, Boolean, @error
	Return	Success 1. Failure 0. @error 1 OpenProcess failed, 2 AdjustTokenPrivileges failed,\n\t\t 3 TerminateProcess failed, 4 Process unverified
ProcessExists		
	Check	Integer, Boolean
	Return	Success integer PID. Failure 0
ProcessGetStats		
	Check	Array
	Return	Success array. Failure 0
	Type	0 Memory info, 1 IO info
ProcessList		
	Check	2DArray, @error
	Return	Success 2d array e.g. a[0][0] number of processes, a[1][0] Process name, a[1][1] PID, ... . @error 1
ProcessSetPriority		
	Check	Integer, Boolean, @error
	Return	Success 1. Failure 0. @error 2 if attempting to use unsupported priority class
	Priority	0 Low, 1 Below normal, 2 Normal, 3, Above normal, 4 High, 5 Realtime
ProcessWait		
	Check	Integer, Boolean
	Return	Success integer PID. Failure 0 if timed out
ProcessWaitClose		
	Check	Integer, Boolean, @error
	Return	Success 1, @extended exit code. Failure 0 if timed out. @error not 0 and @extended 0xCCCCCCCC if invalid PID error
ProgressOff		
	Return	None
ProgressOn		
	Return	None
	Opt	1 Borderless and titleless, 2 Not on top, 0x10 Movable
ProgressSet		
	Return	None
Ptr		
	Return	Ptr
Random		
	Check	Number, Boolean, @error
	Return	Success Number. Failure 0. @error 1 if bad parameters
	Flag	0 Float, 1 Integer
RegDelete		
	Check	Integer, @error
	Return	Success 1. Failure 0 if key/value not exist, 2 delete key error. @error 1 Unable open key,\n\t\t 2 Unable open main key error, 3 Remote connect error, -1 Unable Delete value, -2 Unable Delete key/value
RegEnumKey		
	Check	String, Boolean, @error
	Return	Success string. Failure "". @error 1 Unable open key,\n\t\t 2 Unable open main key, 3 Remote connect error, -1 Unable get subkey
RegEnumVal		
	Check	String, Boolean, @error, @extended
	Return	Success string. @extended value type. Failure "". @error 1 Unable open key,\n\t\t 2 Unable open main key, 3 Remote connect error, -1 Unable get value
RegRead		
	Check	String, Boolean, @error, @extended
	Return	Success string. @extrended 0 REG_NONE, 1 REG_SZ, 2 REG_EXPAND_SZ,\n\t\t 3 REG_BINARY, 4 REG_DWORD, ..., 7 REG_MULTI_SZ ...\n\t\t Failure "". @error 1 Unable open key, 2 Unable open main key, 3 Remote connect error,\n\t\t -1 Unable open value, -2 Value type not supported
RegWrite		
	Check	Integer, Boolean, @error
	Return	Success 1. Failure 0. @error 1 Unable open key, 2 Unable open main key,\n\t\t 3 Remote connect error, -1 Unable open value, -2 Value type not supported
	Type	"REG_BINARY", "REG_SZ", "REG_MULTI_SZ", "REG_EXPAND_SZ", "REG_QWORD", "REG_DWORD"
Round		
	Return	Rounded number
Run		
	Check	Integer, Boolean, @error
	Return	Success integer PID. Failure 0. @error not 0
	ShowFlag	@SW_SHOW, @SW_HIDE, @SW_MINIMIZE, @SW_MAXIMIZE
	Opt_Flag	1 StdIn, 2 StdOut, 4 StdErr, 8 StdOut+StdErr, 0x10 StdIO (console), 0x10000 New window (console)
RunAs		
	Check	Integer, Boolean, @error
	Return	Success integer PID. Failure 0. @error not 0
	Logon_Flag	0 Interactive no profile, 1 Interactive profile, 2 Network credentials only, 4 Inherit process environment not users
	ShowFlag	@SW_SHOW, @SW_HIDE, @SW_MINIMIZE, @SW_MAXIMIZE
	Opt_Flag	1 StdIn, 2 StdOut, 4 StdErr, 8 StdOut+StdErr, 0x10 StdIO (console), 0x10000 New window (console)
RunAsWait		
	Check	Integer, Boolean, @error
	Return	Success integer exit code. Failure 0. @error not 0
	Logon_Flag	0 Interactive no profile, 1 Interactive profile, 2 Network credentials only, 4 Inherit process environment not users
	ShowFlag	@SW_SHOW, @SW_HIDE, @SW_MINIMIZE, @SW_MAXIMIZE
	Opt_Flag	0x10000 New window (console)
RunWait		
	Check	Integer, Boolean, @error
	Return	Success integer exit code. Failure 0. @error not 0
	ShowFlag	@SW_SHOW, @SW_HIDE, @SW_MINIMIZE, @SW_MAXIMIZE
	Opt_Flag	0x10000 New window (console)
Send		
	Return	None
	Flag	0 Special keys also used, 1 Raw keys
SendKeepActive		
	Check	Integer, Boolean
	Return	Success 1. Failure 0 if window not found
SetError		
	Return	Only if return value parameter is used so returns that value
SetExtended		
	Return	Only if return value parameter is used so returns that value
ShellExecute		
	Check	Integer, Boolean, @error
	Return	Success Integer Pid, -1 if pid not available. Failure 0. @error not 0
	ShowFlag	@SW_SHOW, @SW_HIDE, @SW_MINIMIZE, @SW_MAXIMIZE
ShellExecuteWait		
	Check	Integer, @error
	Return	Success integer exit code. Failure 0. @error not 0
	ShowFlag	@SW_SHOW, @SW_HIDE, @SW_MINIMIZE, @SW_MAXIMIZE
Shutdown		
	Check	Integer, Boolean
	Return	Success 1. Failure 0. @error GetLastError()
	Code	0 Logoff, 1 Shutdown, 2 Reboot, 4 Force, 8 Powerdown, 0x10 Force, 0x20 Standby, 0x40 Hibernate
Sin		
	Return	Sine number
Sleep		
	Return	None
SoundPlay		
	Return	1 regardless
	Wait	0 Continue, 1 Wait
SoundSetWaveVolume		
	Check	Integer, Boolean, @error
	Return	Success 1. Failure 0. @error 1 if percent invalid
SplashImageOn		
	Return	None
	Opt	1 Borderless and titleless, 2 Not on top, 0x10 Movable
SplashOff		
	Return	None
SplashTextOn		
	Return	Handle
	Opt	0 Center justified/on top/title, 1 Thin border/titleless, 2 Not on top,\n\t\t 4 Left justified, 8 Right justified, 0x10 Movable, 0x20 Center text vertically
Sqrt		
	Check	Number
	Return	Success square root number. Failure -1#IND if parameter is negative
SRandom		
	Return	None
StatusbarGetText		
	Check	String, Boolean, @error
	Return	Success string. Failure "". @error 1
StderrRead		
	Check	String, @error, @extended
	Return	Success string. @extended number of bytes. @error not 0
	Peek	False Stream chars read removed, True Stream chars read remain
	Binary	False Text mode, True Binary mode
StdinWrite		
	Check	Integer, @error
	Return	Success integer of chars written. @error not 0
StdioClose		
	Check	Integer, Boolean
	Return	Success not 0. Failure 0
StdoutRead		
	Check	String, @error, @extended
	Return	Success string. @extended number of bytes. @error not 0
	Peek	False Stream chars read removed, True Stream chars read remain
	Binary	False Text mode, True Binary mode
String		
	Return	String
StringAddCR		
	Return	String with @CRs prefixing @LFs
StringCompare		
	Check	Integer
	Return	0 Equal, >0 String1 is greater than, <0 String1 is less than
	Casesense	0 Not case sensitive, 1 Case sensitive, 2 Not case sensitive (basic/faster)
StringFormat		
	Return	Formatted string
StringFromASCIIArray		
	Check	String, Boolean, @error
	Return	Success string. Failure "". @error 1 Not an array, 2 Start is invalid
	Encoding	0 UTF16, 1 ANSI, 2 UTF8
StringInStr		
	Check	Integer, Boolean, @error
	Return	Success integer position. Failure 0. @error 1 Invalid start or occurence parameter
	Casesense	0 Not sensitive, 1 Sensitive, 2 Not sensitive faster
StringIsAlNum		
	Check	Integer, Boolean
	Return	Success 1. Failure 0
StringIsAlpha		
	Check	Integer, Boolean
	Return	Success 1. Failure 0
StringIsASCII		
	Check	Integer, Boolean
	Return	Success 1. Failure 0
StringIsDigit		
	Check	Integer, Boolean
	Return	Success 1. Failure 0
StringIsFloat		
	Check	Integer, Boolean
	Return	Success 1. Failure 0
StringIsInt		
	Check	Integer, Boolean
	Return	Success 1. Failure 0
StringIsLower		
	Check	Integer, Boolean
	Return	Success 1. Failure 0
StringIsSpace		
	Check	Integer, Boolean
	Return	Success 1. Failure 0
StringIsUpper		
	Check	Integer, Boolean
	Return	Success 1. Failure 0
StringIsXDigit		
	Check	Integer, Boolean
	Return	Success 1. Failure 0
StringLeft		
	Return	String
StringLen		
	Return	Integer
StringLower		
	Return	String
StringMid		
	Return	String
StringRegExp		
	Check	Integer/Array, @error, @extended
	Return	See help file for many return values
	Flag	0 0/1 match, 2 Array of matches, 3 Array of global matches, 4 Array of arrays of global matches and full match 
StringRegExpReplace		
	Check	String, @error, @extended
	Return	Success string. @extended number of replacements. @error 2 Pattern invalid. @extended offset of error in pattern
StringReplace		
	Check	String, @extended
	Return	String. @extended number of replacements
	Casesense	0 Not sensitive, 1 Sensitive, 2 Not sensitive faster
StringReverse		
	Return	Reversed string
	Flag	0 UTF-16, 1 Faster if using UCS-2 text
StringRight		
	Return	String
StringSplit		
	Check	Array, @error
	Return	Success Array. Failure with array holding full string in 1st element or 2nd depending on flag.\n\t\t @error 1 if failed
	Flag	0 split on each char of delimiter string, 1 Split on whole delimiter string, 2 No return count
StringStripCR		
	Return	String with @CRs removed
StringStripWS		
	Check	String
	Return	Modified String
	Flag	1 Leading, 2 Trailing, 4 Double space or more, 8 All
StringToASCIIArray		
	Check	Array
	Return	Success array. Failure ""
	Encoding	0 UTF16, 1 ANSI, 2 UTF8
StringToBinary		
	Return	Binary variant
	Flag	1 ANSI, 2 UTF16 little endian, UTF16 big endian, UTF8
StringTrimLeft		
	Return	String
StringTrimRight		
	Return	String
StringUpper		
	Return	String
Tan		
	Return	Tangent of number
TCPAccept		
	Check	@error
	Return	Success socketid. Failure -1. @error WSAGetError
TCPCloseSocket		
	Check	Integer, Boolean, @error
	Return	Success 1. Failure 0. @error WSAGetError
TCPConnect		
	Check	@error
	Return	Success socketid. Failure -1 or 0. @error 1 IPAddr incorrect, 2 port incorrect
TCPListen		
	Check	@error
	Return	Success socketid. Failure -1 or 0. @error 1 IPAddr incorrect, 2 port incorrect
TCPNameToIP		
	Check	String, @error
	Return	Success string containing IP address to the name. Failure "". @error WSAGetError
TCPRecv		
	Check	String, @error
	Return	Success binary/string. Failure "". @error -1 Socket error
TCPSend		
	Check	Integer, @error
	Return	Success number of bytes. Failure 0. @error WSAGetError
TCPShutdown		
	Check	Integer, Boolean, @error
	Return	Success 1. Failure 0. @error WSACleanup
TCPStartup		
	Check	Integer, Boolean, @error
	Return	Success 1. Failure 0. @error WSAStartup
TimerDiff		
	Return	Number difference in milliseconds
TimerInit		
	Return	Handle
ToolTip		
	Check	Integer, Boolean
	Return	Success 1. Failure 0 when title length >99
TrayCreateItem		
	Check	Integer, Boolean
	Return	Success integer ctrlID. Failure 0
TrayCreateMenu		
	Check	Integer, Boolean
	Return	Success integer ctrlID. Failure 0
TrayGetMsg		
	Check	Integer
	Return	Success integer ctrlID. Failure 0
TrayItemDelete		
	Check	Integer, Boolean
	Return	Success 1. Failure 0
TrayItemGetHandle		
	Check	Handle, Boolean
	Return	Success handle ctrlID. Failure 0
TrayItemGetState		
	Check	Integer
	Return	Success integer. Failure 0
TrayItemGetText		
	Check	Integer, Boolean
	Return	Success 1. Failure 0
TrayItemSetOnEvent		
	Check	Integer, Boolean
	Return	Success 1. Failure 0. @error 1 if function parameter not defined
TrayItemSetState		
	Check	Integer, Boolean
	Return	Success 1. Failure 0
	State	1 Checked, 4 Unchecked, 0x40 Enabled, 0x80 Disabled, 0x100 selected, 0x200 Set as default
TrayItemSetText		
	Check	Integer, Boolean
	Return	Success 1. Failure 0
TraySetClick		
	Return	None
	Flag	0 No menu by click, 1 Press primary button, 2 Release primary button, 4 Double click primary button,\n\t\t 8 Press secondary button, 0x10 Release secondary button, 0x20 Double click secondary button, 0x40 Hover over tray icon
TraySetIcon		
	Return	None
TraySetOnEvent		
	Check	Integer, Boolean
	Return	Success 1. Failure 0. @error 1 if function parameter not defined
	SpecialID	-3 Show icon, -4 Hide icon, -5 User set icon flashing on, -6 User set icon flashing off, -7 Primary button was pressed,\n\t\t -8 Primary button was released, -9 Secondary button was pressed, -10 Secondary button was released, -11 Hover over icon,\n\t\t -13 Primary button double clicked, -14 Secondary button double clicked
TraySetPauseIcon		
	Return	None
TraySetState		
	Return	None
	Flag	1 Show icon, 2 Hide icon, 4 Flash icon, 8 Stop flashing icon, 0x10 Reset icon to defaults
TraySetToolTip		
	Check	Integer, Boolean
	Return	Success 1. Failure 0
TrayTip		
	Return	None
	Option	0 No icon, 1 Info icon, 2 Warning icon, 3 Error icon
UBound		
	Check	Integer, Boolean, @error
	Return	Success integer size of array. Failure 0. @error 1 Not array, 2 Invalid array dimension
UDPBind		
	Check	Array, @error
	Return	Success array e.g. a[1] socket, a[2] IP address, a[3] port. @error 1 IPAddr incorrect, 2 Port incorrect
UDPCloseSocket		
	Check	Integer, Boolean, @error
	Return	Success 1. Failure 0. @error -1, -2 or -3 invalid socketarray
UDPOpen		
	Check	Array, @error
	Return	Success array e.g. a[1] socket, a[2] IP address, a[3] port. Failure a[0] = 0. @error WSAGetError
UDPRecv		
	Check	Binary/String/Array, @error
	Return	Success binary/string/array. Failure "". @error -1, -2 or -3 invalid socketarray
	Flag	0 Auto detect type, 1 Binary mode, 2 Array e.g. a[0] Data, a[1] From IP, a[2] From port
UDPSend		
	Check	Number, @error
	Return	Success number of bytes. @error -1, -2 or -3 invalid socketarray, 1 IPAddr incorrect, 2 Port incorrect
UDPShutdown		
	Check	Integer, Boolean, @error
	Return	Success 1. Failure 0. @error WSACleanup
UDPStartup		
	Check	Integer, Boolean, @error
	Return	Success 1. Failure 0. @error WSAStartup
VarGetType		
	Return	String e.g. "ARRAY", "BINARY", "BOOL", "PTR", "INT32", "DOUBLE", "STRING", "KEYWORD"
WinActivate		
	Check	Handle, Boolean
	Return	Success handle. Failure 0 if window not found or cannot be activated
WinActive		
	Check	Handle, Boolean
	Return	Success handle. Failure 0
WinClose		
	Check	Integer, Boolean
	Return	Success integer. Failure 0 if window not found
WinExists		
	Check	Integer, Boolean
	Return	Success integer. Failure 0
WinFlash		
	Return	None
	Flashes	Default 4
	Delay	Default 500 ms
WinGetCaretPos		
	Check	Array, @error
	Return	Success 2d array e.g. a[0] X, a[1] Y. @error 1
WinGetClassList		
	Check	String, Boolean, @error
	Return	Success string e.g. "edit" @LF "button" @LF "button". Failure "". @error 1 if no windows match
WinGetClientSize		
	Check	Array, @error
	Return	Success array e.g. a[0] W, a[1] H. Failure 0. @error 1 if windows not found
WinGetHandle		
	Check	Hanndle, Boolean, @error
	Return	Success handle. Failure "". @error 1 if no windows match
WinGetPos		
	Check	Array, @error
	Return	Success array e.g. a[0] X, a[1] Y, a[2] W, a[3] H. Failure 0. @error 1 if window not found
WinGetProcess		
	Check	Integer
	Return	Success integer PID. Failure -1
WinGetState		
	Check	Integer, Boolean, @error
	Return	Success integer e.g. 1 Exists, 2 Visible, 4 Enabled, 8 Active,\n\t\t 0x10 Minimized, 0x20 Maximized. Failure 0. @error 1 if window not found
WinGetText		
	Check	String, Boolean
	Return	Success string. Failure 0 if no windows match
WinGetTitle		
	Check	String, Boolean
	Return	Success string. Failure 0 if no windows match
WinKill		
	Return	1 regardless
WinList		
	Check	Array
	Return	2D array e.g. $a[0][0] number of, $a[1][0] 1st title, $a[1][1] 1st handle ...
WinMenuSelectItem		
	Check	Integer, Boolean
	Return	Success 1. Failure 0 if menu not found
WinMinimizeAll		
	Return	None
WinMinimizeAllUndo		
	Return	None
WinMove		
	Check	Handle, Boolean
	Return	Success handle. Failure 0 if window not found
WinSetOnTop		
	Check	Integer, Boolean
	Return	Success 1. Failure 0 if window not found
WinSetState		
	Check	Integer, Boolean
	Return	Success 1. Failure 0 if window not found
	Flag	@SW_HIDE, @SW_SHOW, @SW_MINIMIZE, ...
WinSetTitle		
	Check	Integer, Boolean
	Return	Success 1. Failure 0 if window not found
WinSetTrans		
	Check	Integer, Boolean
	Return	Success not 0. Failure 0. @error 1 if function not supported on OS
	Transparency	0 (invisible) to 255 (solid)
WinWait		
	Check	Handle, Boolean
	Return	Success handle. Failure 0 if timeout
WinWaitActive		
	Check	Handle, Boolean
	Return	Success handle. Failure 0 if timeout
WinWaitClose		
	Check	Integer, Boolean
	Return	Success 1. Failure 0 if timeout
WinWaitNotActive		
	Check	Integer, Boolean
	Return	Success 1. Failure 0 if timeout
