<?xml version="1.0" ?>
<menu>
	<ext_menu loc="myapp\config.xml" />
	<item caption="Help" macro="H" exe="notepad.exe" arg="$CurDir$\help.txt" />
	<item caption="" />
	<item caption="Cmd" macro="C" exe="cmd.exe" />
	<item caption="Notepad" macro="N" exe="Notepad.exe" />
	<item caption="Calc" macro="A" exe="Calc.exe" />
	<item caption="Mspaint" macro="P" exe="Mspaint.exe" />
	<item caption="Mstsc" macro="M" exe="Mstsc.exe" />
	<item caption="" />
	<menu caption="Entertainment" macro="E">
		<item caption="Windows Media Player" macro="W" exe="C:\Program Files\Windows Media Player\wmplayer.exe" arg="/prefetch:1" />
		
	</menu>
</menu>