<?xml version="1.0" ?>
<adc_database xmlns="http://www.accuweather.com">
	<units>
		<temp>C</temp>
		<dist>km</dist>
		<speed>m/s</speed>
		<pres>mb</pres>
		<prec>cm</prec>
	</units>
	<local>
		<ufdb>DRHX</ufdb>
		<city>Dearborn Heights</city>
		<state>MI</state>
		<lat>42.34</lat>
		<lon>-83.28</lon>
		<time>19:42</time>
		<gmtdiff daylightsavings="1">-5</gmtdiff>
	</local>

	<watchwarnareas zone="MIZ076" county="MIC163" isactive="0">
	<url> http://www.accuweather.com/watches-warnings.asp?partner=forecastbar&amp;zipcode=00000&amp;county=MIC163&amp;zone=MIZ076</url>
	</watchwarnareas>
	
	<currentconditions>
		
		<url>http://www.accuweather.com/country/state/city/00000/city-weather-forecast.asp?partner=forecastbar</url>
		
		<pressure state="Unavailable">1011.227</pressure>
		<temperature>27</temperature>
		<realfeel>26</realfeel>
		<humidity>43%</humidity>
		<weathertext>Partly Sunny</weathertext>
		<weathericon>03</weathericon>
		<windgusts>3</windgusts>
		<windspeed>2</windspeed>
		<winddirection>SSE</winddirection>
		<visibility>14</visibility>
		<precip>0</precip>
		<uvindex index="0">Low</uvindex>
		<radurl>http://www.accuweather.com/radar-state.asp?partner=forecastbar&amp;zipcode=00000&amp;myadc=0&amp;traveler=1&amp;level=state&amp;type=re&amp;site=mi_&amp;anim=STILL</radurl>
	</currentconditions>
	
	<airandpollen>
		
		<tree>L(7)</tree>
		<weed>L(5)</weed>
		<grass>M(12)</grass>
		<mold>H(14000)</mold>
		<airquality>M(75)</airquality>
		<airqualitytype>0</airqualitytype>
		
	</airandpollen>
	<planets>
		<sun rise="05:59" set="21:14"/>
<moon rise="13:01" set="00:25"/>
<mercury rise="04:49" set="19:45"/>
<venus rise="03:27" set="17:31"/>
<mars rise="03:12" set="17:27"/>
<jupiter rise="23:55" set="10:23"/>
<saturn rise="11:54" set="00:55"/>
<uranus rise="01:04" set="12:57"/>
<neptune rise="23:52" set="10:21"/>
<pluto rise="20:23" set="06:16"/>

	</planets>
	<moon>
	
		
		<phase date="6/27/2009" text="Waxing Crescent" >5</phase>
		
		<phase date="6/28/2009" text="Waxing Crescent" >6</phase>
		
		<phase date="6/29/2009" text="First" >7</phase>
		
		<phase date="6/30/2009" text="Waxing Gibbous" >7</phase>
		
		<phase date="7/1/2009" text="Waxing Gibbous" >8</phase>
		
		<phase date="7/2/2009" text="Waxing Gibbous" >9</phase>
		
		<phase date="7/3/2009" text="Waxing Gibbous" >10</phase>
		
		<phase date="7/4/2009" text="Waxing Gibbous" >11</phase>
		
		<phase date="7/5/2009" text="Waxing Gibbous" >12</phase>
		
		<phase date="7/6/2009" text="Waxing Gibbous" >13</phase>
		
		<phase date="7/7/2009" text="Full" >14</phase>
		
		<phase date="7/8/2009" text="Waning Gibbous" >14</phase>
		
		<phase date="7/9/2009" text="Waning Gibbous" >15</phase>
		
		<phase date="7/10/2009" text="Waning Gibbous" >16</phase>
		
		<phase date="7/11/2009" text="Waning Gibbous" >17</phase>
		
		<phase date="7/12/2009" text="Waning Gibbous" >18</phase>
		
		<phase date="7/13/2009" text="Waning Gibbous" >19</phase>
		
		<phase date="7/14/2009" text="Waning Gibbous" >20</phase>
		
		<phase date="7/15/2009" text="Last" >21</phase>
		
		<phase date="7/16/2009" text="Waning Crescent" >22</phase>
		
		<phase date="7/17/2009" text="Waning Crescent" >23</phase>
		
		<phase date="7/18/2009" text="Waning Crescent" >24</phase>
		
		<phase date="7/19/2009" text="Waning Crescent" >25</phase>
		
		<phase date="7/20/2009" text="Waning Crescent" >26</phase>
		
		<phase date="7/21/2009" text="Waxing Crescent" >26</phase>
		
		<phase date="7/22/2009" text="New" >26</phase>
		
		<phase date="7/23/2009" text="Waxing Crescent" >26</phase>
		
		<phase date="7/24/2009" text="Waxing Crescent" >26</phase>
		
		<phase date="7/25/2009" text="Waxing Crescent" >26</phase>
		
		<phase date="7/26/2009" text="Waxing Crescent" >26</phase>
		
		<phase date="7/27/2009" text="Waxing Crescent" >26</phase>
		
		<phase date="7/28/2009" text="First" >26</phase>
		
	</moon>
	<images>
	<radar>
	http://sirocco.accuweather.com/nx_mosaic_108x81c/re/inmremi_.gif</radar>

	</images>
	
	<forecast>
		
		<url>http://www.accuweather.com/country/state/city/00000/city-weather-forecast.asp?partner=forecastbar</url>
		<hbh>http://www.accuweather.com/forecast-hourly.asp?partner=forecastbar&amp;zipcode=00000&amp;metric=0</hbh>
		
			<day number="1">
				
				<url>http://www.accuweather.com/forecast-details.asp?partner=forecastbar&amp;zipcode=00000&amp;fday=1</url>
							
				<obsdate>6/27/2009</obsdate>
				<daycode>Saturday</daycode>
				<sunrise>05:59</sunrise>
				<sunset>21:14</sunset>
				<daytime>
				
					<txtshort>Partly sunny and warm</txtshort>
					<txtlong>Warm with times of clouds and sun</txtlong>
					<weathericon>04</weathericon>
					<hightemperature>29</hightemperature>
					<lowtemperature>17</lowtemperature>
					<realfeelhigh>32</realfeelhigh>
					<realfeellow>17</realfeellow>
					<windspeed>0.834</windspeed>
					<winddirection>SSE</winddirection>
					<windgust>2.224</windgust>
					<maxuv>7</maxuv>
					<rainamount>0</rainamount>
					<snowamount>0.00</snowamount>
					<precipamount>0</precipamount>
					<tstormprob>18</tstormprob>
				</daytime>
				<nighttime>
					<txtshort>A late-night thunderstorm</txtshort>
					<txtlong>Turning cloudy with a shower or thunderstorm around late</txtlong>
					<weathericon>42</weathericon>
					<hightemperature>29</hightemperature>
					<lowtemperature>17</lowtemperature>
					<realfeelhigh>32</realfeelhigh>
					<realfeellow>17</realfeellow>
					<windspeed>2.224</windspeed>
					<winddirection>S</winddirection>
					<windgust>3.892</windgust>
					<maxuv></maxuv>
					<rainamount>0</rainamount>
					<snowamount>0.00</snowamount>
					<precipamount>0</precipamount>
					<tstormprob>40</tstormprob>
				</nighttime>
			</day>
			
			<day number="2">
				
				<url>http://www.accuweather.com/forecast-details.asp?partner=forecastbar&amp;zipcode=00000&amp;fday=2</url>
							
				<obsdate>6/28/2009</obsdate>
				<daycode>Sunday</daycode>
				<sunrise>05:59</sunrise>
				<sunset>21:14</sunset>
				<daytime>
				
					<txtshort>A morning shower or t-storm</txtshort>
					<txtlong>A morning shower or thunderstorm around; otherwise, clouds breaking and breezy</txtlong>
					<weathericon>16</weathericon>
					<hightemperature>28</hightemperature>
					<lowtemperature>15</lowtemperature>
					<realfeelhigh>26</realfeelhigh>
					<realfeellow>16</realfeellow>
					<windspeed>6.672</windspeed>
					<winddirection>W</winddirection>
					<windgust>12.51</windgust>
					<maxuv>6</maxuv>
					<rainamount>0.41</rainamount>
					<snowamount>0.00</snowamount>
					<precipamount>0.41</precipamount>
					<tstormprob>40</tstormprob>
				</daytime>
				<nighttime>
					<txtshort>Partly cloudy</txtshort>
					<txtlong>Partly cloudy</txtlong>
					<weathericon>35</weathericon>
					<hightemperature>28</hightemperature>
					<lowtemperature>15</lowtemperature>
					<realfeelhigh>26</realfeelhigh>
					<realfeellow>16</realfeellow>
					<windspeed>3.336</windspeed>
					<winddirection>WSW</winddirection>
					<windgust>9.174</windgust>
					<maxuv></maxuv>
					<rainamount>0</rainamount>
					<snowamount>0.00</snowamount>
					<precipamount>0</precipamount>
					<tstormprob>9</tstormprob>
				</nighttime>
			</day>
			
			<day number="3">
				
				<url>http://www.accuweather.com/forecast-details.asp?partner=forecastbar&amp;zipcode=00000&amp;fday=3</url>
							
				<obsdate>6/29/2009</obsdate>
				<daycode>Monday</daycode>
				<sunrise>05:59</sunrise>
				<sunset>21:14</sunset>
				<daytime>
				
					<txtshort>Variable clouds, a t-storm</txtshort>
					<txtlong>More clouds than sun; breezy with a shower or thunderstorm around</txtlong>
					<weathericon>16</weathericon>
					<hightemperature>24</hightemperature>
					<lowtemperature>13</lowtemperature>
					<realfeelhigh>23</realfeelhigh>
					<realfeellow>10</realfeellow>
					<windspeed>6.116</windspeed>
					<winddirection>WSW</winddirection>
					<windgust>11.954</windgust>
					<maxuv>5</maxuv>
					<rainamount>0.25</rainamount>
					<snowamount>0.00</snowamount>
					<precipamount>0.25</precipamount>
					<tstormprob>40</tstormprob>
				</daytime>
				<nighttime>
					<txtshort>Clouds, a thunderstorm</txtshort>
					<txtlong>Considerable cloudiness with a shower or thunderstorm around</txtlong>
					<weathericon>15</weathericon>
					<hightemperature>24</hightemperature>
					<lowtemperature>13</lowtemperature>
					<realfeelhigh>23</realfeelhigh>
					<realfeellow>10</realfeellow>
					<windspeed>6.116</windspeed>
					<winddirection>W</winddirection>
					<windgust>8.896</windgust>
					<maxuv></maxuv>
					<rainamount>0.25</rainamount>
					<snowamount>0.00</snowamount>
					<precipamount>0.25</precipamount>
					<tstormprob>40</tstormprob>
				</nighttime>
			</day>
			
			<day number="4">
				
				<url>http://www.accuweather.com/forecast-details.asp?partner=forecastbar&amp;zipcode=00000&amp;fday=4</url>
							
				<obsdate>6/30/2009</obsdate>
				<daycode>Tuesday</daycode>
				<sunrise>05:59</sunrise>
				<sunset>21:14</sunset>
				<daytime>
				
					<txtshort>A shower possible</txtshort>
					<txtlong>Mostly cloudy with a shower possible</txtlong>
					<weathericon>06</weathericon>
					<hightemperature>21</hightemperature>
					<lowtemperature>13</lowtemperature>
					<realfeelhigh>21</realfeelhigh>
					<realfeellow>11</realfeellow>
					<windspeed>5.282</windspeed>
					<winddirection>W</winddirection>
					<windgust>8.896</windgust>
					<maxuv>5</maxuv>
					<rainamount>0.13</rainamount>
					<snowamount>0.00</snowamount>
					<precipamount>0.13</precipamount>
					<tstormprob>15</tstormprob>
				</daytime>
				<nighttime>
					<txtshort>Considerable cloudiness</txtshort>
					<txtlong>Considerable cloudiness</txtlong>
					<weathericon>07</weathericon>
					<hightemperature>21</hightemperature>
					<lowtemperature>13</lowtemperature>
					<realfeelhigh>21</realfeelhigh>
					<realfeellow>11</realfeellow>
					<windspeed>5.282</windspeed>
					<winddirection>W</winddirection>
					<windgust>8.34</windgust>
					<maxuv></maxuv>
					<rainamount>0</rainamount>
					<snowamount>0.00</snowamount>
					<precipamount>0</precipamount>
					<tstormprob>10</tstormprob>
				</nighttime>
			</day>
			
			<day number="5">
				
				<url>http://www.accuweather.com/forecast-details.asp?partner=forecastbar&amp;zipcode=00000&amp;fday=5</url>
							
				<obsdate>7/1/2009</obsdate>
				<daycode>Wednesday</daycode>
				<sunrise>05:59</sunrise>
				<sunset>21:14</sunset>
				<daytime>
				
					<txtshort>Some sun, a t-storm possible</txtshort>
					<txtlong>Times of clouds and sun with a shower or thunderstorm possible</txtlong>
					<weathericon>04</weathericon>
					<hightemperature>23</hightemperature>
					<lowtemperature>14</lowtemperature>
					<realfeelhigh>23</realfeelhigh>
					<realfeellow>13</realfeellow>
					<windspeed>4.726</windspeed>
					<winddirection>W</winddirection>
					<windgust>7.506</windgust>
					<maxuv>6</maxuv>
					<rainamount>0</rainamount>
					<snowamount>0.00</snowamount>
					<precipamount>0</precipamount>
					<tstormprob>35</tstormprob>
				</daytime>
				<nighttime>
					<txtshort>Low clouds</txtshort>
					<txtlong>Low clouds</txtlong>
					<weathericon>08</weathericon>
					<hightemperature>23</hightemperature>
					<lowtemperature>14</lowtemperature>
					<realfeelhigh>23</realfeelhigh>
					<realfeellow>13</realfeellow>
					<windspeed>4.726</windspeed>
					<winddirection>WNW</winddirection>
					<windgust>7.506</windgust>
					<maxuv></maxuv>
					<rainamount>0</rainamount>
					<snowamount>0.00</snowamount>
					<precipamount>0</precipamount>
					<tstormprob>13</tstormprob>
				</nighttime>
			</day>
			
			<day number="6">
				
				<url>http://www.accuweather.com/forecast-details.asp?partner=forecastbar&amp;zipcode=00000&amp;fday=6</url>
							
				<obsdate>7/2/2009</obsdate>
				<daycode>Thursday</daycode>
				<sunrise>05:59</sunrise>
				<sunset>21:14</sunset>
				<daytime>
				
					<txtshort>A thunderstorm possible</txtshort>
					<txtlong>Some sun with a thunderstorm possible</txtlong>
					<weathericon>03</weathericon>
					<hightemperature>25</hightemperature>
					<lowtemperature>17</lowtemperature>
					<realfeelhigh>26</realfeelhigh>
					<realfeellow>16</realfeellow>
					<windspeed>4.448</windspeed>
					<winddirection>WNW</winddirection>
					<windgust>6.95</windgust>
					<maxuv>7</maxuv>
					<rainamount>0</rainamount>
					<snowamount>0.00</snowamount>
					<precipamount>0</precipamount>
					<tstormprob>35</tstormprob>
				</daytime>
				<nighttime>
					<txtshort>Mainly clear</txtshort>
					<txtlong>Mainly clear</txtlong>
					<weathericon>34</weathericon>
					<hightemperature>25</hightemperature>
					<lowtemperature>17</lowtemperature>
					<realfeelhigh>26</realfeelhigh>
					<realfeellow>16</realfeellow>
					<windspeed>4.726</windspeed>
					<winddirection>NW</winddirection>
					<windgust>7.784</windgust>
					<maxuv></maxuv>
					<rainamount>0</rainamount>
					<snowamount>0.00</snowamount>
					<precipamount>0</precipamount>
					<tstormprob>13</tstormprob>
				</nighttime>
			</day>
			
			<day number="7">
				
				<url>http://www.accuweather.com/forecast-details.asp?partner=forecastbar&amp;zipcode=00000&amp;fday=7</url>
							
				<obsdate>7/3/2009</obsdate>
				<daycode>Friday</daycode>
				<sunrise>05:59</sunrise>
				<sunset>21:14</sunset>
				<daytime>
				
					<txtshort>Mostly sunny and beautiful</txtshort>
					<txtlong>Mostly sunny and beautiful</txtlong>
					<weathericon>02</weathericon>
					<hightemperature>27</hightemperature>
					<lowtemperature>17</lowtemperature>
					<realfeelhigh>28</realfeelhigh>
					<realfeellow>17</realfeellow>
					<windspeed>4.448</windspeed>
					<winddirection>NNW</winddirection>
					<windgust>7.506</windgust>
					<maxuv>7</maxuv>
					<rainamount>0</rainamount>
					<snowamount>0.00</snowamount>
					<precipamount>0</precipamount>
					<tstormprob>17</tstormprob>
				</daytime>
				<nighttime>
					<txtshort>Partly cloudy</txtshort>
					<txtlong>Partly cloudy</txtlong>
					<weathericon>35</weathericon>
					<hightemperature>27</hightemperature>
					<lowtemperature>17</lowtemperature>
					<realfeelhigh>28</realfeelhigh>
					<realfeellow>17</realfeellow>
					<windspeed>3.892</windspeed>
					<winddirection>N</winddirection>
					<windgust>7.506</windgust>
					<maxuv></maxuv>
					<rainamount>0</rainamount>
					<snowamount>0.00</snowamount>
					<precipamount>0</precipamount>
					<tstormprob>13</tstormprob>
				</nighttime>
			</day>
			
			<day number="8">
				
				<url>http://www.accuweather.com/forecast-details.asp?partner=forecastbar&amp;zipcode=00000&amp;fday=8</url>
							
				<obsdate>7/4/2009</obsdate>
				<daycode>Saturday</daycode>
				<sunrise>05:59</sunrise>
				<sunset>21:14</sunset>
				<daytime>
				
					<txtshort>Some sun</txtshort>
					<txtlong>Some sun</txtlong>
					<weathericon>03</weathericon>
					<hightemperature>29</hightemperature>
					<lowtemperature>19</lowtemperature>
					<realfeelhigh>33</realfeelhigh>
					<realfeellow>18</realfeellow>
					<windspeed>0.834</windspeed>
					<winddirection>N</winddirection>
					<windgust>2.502</windgust>
					<maxuv>7</maxuv>
					<rainamount>0</rainamount>
					<snowamount>0.00</snowamount>
					<precipamount>0</precipamount>
					<tstormprob>14</tstormprob>
				</daytime>
				<nighttime>
					<txtshort>Patchy clouds</txtshort>
					<txtlong>Patchy clouds</txtlong>
					<weathericon>35</weathericon>
					<hightemperature>29</hightemperature>
					<lowtemperature>19</lowtemperature>
					<realfeelhigh>33</realfeelhigh>
					<realfeellow>18</realfeellow>
					<windspeed>1.668</windspeed>
					<winddirection>SSE</winddirection>
					<windgust>5.282</windgust>
					<maxuv></maxuv>
					<rainamount>0</rainamount>
					<snowamount>0.00</snowamount>
					<precipamount>0</precipamount>
					<tstormprob>0</tstormprob>
				</nighttime>
			</day>
			
			<day number="9">
				
				<url>http://www.accuweather.com/forecast-details.asp?partner=forecastbar&amp;zipcode=00000&amp;fday=9</url>
							
				<obsdate>7/5/2009</obsdate>
				<daycode>Sunday</daycode>
				<sunrise>05:59</sunrise>
				<sunset>21:14</sunset>
				<daytime>
				
					<txtshort>A shower in the morning</txtshort>
					<txtlong>A passing shower in the morning; otherwise, mostly cloudy</txtlong>
					<weathericon>06</weathericon>
					<hightemperature>29</hightemperature>
					<lowtemperature>22</lowtemperature>
					<realfeelhigh>29</realfeelhigh>
					<realfeellow>21</realfeellow>
					<windspeed>3.892</windspeed>
					<winddirection>SSW</winddirection>
					<windgust>10.564</windgust>
					<maxuv>6</maxuv>
					<rainamount>0.05</rainamount>
					<snowamount>0.00</snowamount>
					<precipamount>0.05</precipamount>
					<tstormprob>0</tstormprob>
				</daytime>
				<nighttime>
					<txtshort>Rather cloudy and warm</txtshort>
					<txtlong>Rather cloudy and warm</txtlong>
					<weathericon>38</weathericon>
					<hightemperature>29</hightemperature>
					<lowtemperature>22</lowtemperature>
					<realfeelhigh>29</realfeelhigh>
					<realfeellow>21</realfeellow>
					<windspeed>5.282</windspeed>
					<winddirection>SW</winddirection>
					<windgust>11.398</windgust>
					<maxuv></maxuv>
					<rainamount>0</rainamount>
					<snowamount>0.00</snowamount>
					<precipamount>0</precipamount>
					<tstormprob>0</tstormprob>
				</nighttime>
			</day>
			
	</forecast>
	
	<copyright>Copyright 2009 AccuWeather.com</copyright>

</adc_database>
