Q-Number;PatchNumber;Description;Commandline;Remarks;win95;win98;winme;winnt4sp1-5;winnt4sp6;win2000sp1-2;win2000sp3-4;winxp;winxpsp1;winxpsp2;win2003;win2003sp1;InstalledCriteria;RequiredCriteria
Q318202;MS02-008;XMLHTTP Control in MSXML 2.6 Can Allow Access to Local Files;"Q318202-MSXML26.exe /c:""dahotfix.exe /q /n"" /q:a";;x;x;x;x;x;x;x;x;x;x;;;"RegRead($HSM & ""\Updates\DataAccess\Q318202"",""IsInstalled"")=1";"FileExists(@SystemDir & ""\msxml2.dll"")"
Q318203;MS02-008;XMLHTTP Control in MSXML 3.0 Can Allow Access to Local Files;"Q318203-MSXML30.exe /c:""dahotfix.exe /q /n"" /q:a";;x;x;x;x;x;x;x;x;x;x;;;"RegRead($HSM & ""\Updates\DataAccess\Q318203"",""IsInstalled"")=1";"FileExists(@SystemDir & ""\msxml3.dll"")"
Q317244;MS02-008;XMLHTTP Control in MSXML 4.0 Can Allow Access to Local Files;Q317244-MSXML40.cmd /q:a /r:n;;x;x;x;x;x;x;x;x;x;x;x;;"RegRead($HSM & ""\Updates\MSXML4\Q317244"",""IsInstalled"")=1";"FileExists(@SystemDir & ""\msxml4.dll"") or FileExists(@SystemDir & ""\msxml4r.dll"")"
Q313829;MS02-014;Unchecked Buffer in Windows Shell Could Lead to Code Execution;replaced;Replaced by Q839645;;;;;;;;;;;;;;FALSE
Q329115;MS02-050;Certificate validation flaw might permit identity spoofing (Windows 98);Q329115-crypt.exe /q:a /r:n;different parameters;;x;;;;;;;;;;;"RegRead($HSM & ""\Active Setup\Installed Components\{b6e23809-caf7-4c8f-93f8-5f40dfabaaa1}"",""IsInstalled"")=1";1
Q329115;MS02-050;Certificate validation flaw might permit identity spoofing;Q329115-crypt.exe /u /n /o /z /q;;;;x;x;x;;x;x;x;;;;"RegRead($HSM & ""\Windows NT\CurrentVersion\HotFix\Q329115"",""Installed"")=1 or RegRead($HSM & ""\Windows NT\CurrentVersion\HotFix\KB329115"",""Installed"")=1";"not (@OSVersion=""WIN_2000"" and @OSServicePack=""Service Pack 3"")"
Q329115;MS02-050;Certificate validation flaw might permit identity spoofing (Windows 2000 SP2-SP3;Q329115-crypt-SP2-SP3.exe /u /n /o /z /q;;;;;;;x;x;;;;;;"RegRead($HSM & ""\Windows NT\CurrentVersion\HotFix\Q329115"",""Installed"")=1 or RegRead($HSM & ""\Windows NT\CurrentVersion\HotFix\KB329115"",""Installed"")=1";"not (@OSVersion=""WIN_2000"" and (@OSServicePack=""Service Pack 4"" or @OSServicePack=""""))"
Q329414;MS02-065;Buffer Overrun in Microsoft Data Access Components Can Lead to Code Execution (MDAC 2.6);"Q329414-MDAC2.6-hotfix.exe /c:""dahotfix.exe /q /n"" /q:a";Advice: upgrade to MDAC2.8;;x;x;x;x;x;;;;;;;"RegRead($HSM & ""\Updates\DataAccess\Q329414-26"",""IsInstalled"")=1 or RegRead($HSM & ""\Updates\DataAccess\Q329414-25"",""IsInstalled"")=1";"RegRead($HSM & ""\DataAccess"",""Version"")<=""2.60.1200.0"""
Q814078;MS03-008;Flaw in Windows Script Engine may allow code to run;Q814078-Jscript56.exe /q /r:n;;;x;x;x;x;x;x;x;x;;;;"FileGetVersion(@SystemDir & ""\jscript.dll"") >= ""5.6.0.8513""";"FileExists(@SystemDir & ""\jscript.dll"")"
Q816093;MS03-011;Flaw in Microsoft VM Could Enable System Compromise;"Q816093-javavm.exe /c:""javatrig.exe /exe_install /l /qq /nowincheck"" /q:a /r:n";Advice: Use Sun Java Runtime;;;x;;;x;x;;;;x;;"RegRead($HSM & ""\Windows NT\CurrentVersion\HotFix\Q816093"",""Installed"")=1";"StringLeft(FileGetVersion(@SystemDir & ""\javart.dll""),8)<=""5.0.3229"""
Q811493;MS03-013;Buffer Overrun in Windows Kernel Message Handling could Lead to Elevated Privileges;replaced;Replaced by Q840987;;;;;;;;;;;;;;FALSE
Q330994;MS03-014;Cumulative Patch for Outlook Express;replaced;Replaced by Q837009;;;;;;;;;;;;;;FALSE
Q811114;MS03-018;May 2003 Cumulative Patch for Internet Information Services (IIS);Q811114-IIS51-hotfix.exe /u /n /z /q;;;;;;;;;x;x;;;;"RegRead($HSM & ""\Updates\Windows XP\SP2\Q811114"",""Type"")=""Update""";"FileExists(@SystemDir & ""\W3svc.dll"")"
Q828396;;Microsoft Data Access Components Version 2.8;"Q828396-MDAC_2.8.EXE /q /C:""setup /QN1""";See also: Q192009;;x;x;x;x;x;x;x;x;;;;"RegRead($HSM & ""\DataAccess"",""Version"")>=""2.80.1022.3""";1
Q819639;MS03-021;Flaw In Windows Media Player May Allow Media Library Access;Q819639-WindowsMedia9.exe /q:a /r:n;;;x;x;x;x;x;x;x;x;;;;"RegRead($HSM & ""\Updates\Windows Media Player\wm819639"",""IsInstalled"")=1";"FileExists(@SystemDir & ""\wmp.dll"") and StringLeft(FileGetVersion(@SystemDir & ""\wmp.dll""),10)<""9.0.0.3008"""
Q823559;MS03-023;Buffer overrun in the HTML converter could allow code execution;Q823559-HTMLConv.exe /u /n /z /q;;;;;;;;x;x;x;;x;;"RegRead($HSM & ""\Windows NT\CurrentVersion\HotFix\KB823559"",""Installed"")=1";1
Q822679;MS03-025;Flaw in Windows Message Handling through Utility Manager Could Enable Privilege Elevation;replaced;Replaced by Q842526;;;;;;;;;;;;;;FALSE
Q823980;MS03-026;Buffer Overrun In RPC Interface Could Allow Code Execution;replaced;Replaced by Q828741;;;;;;;;;;;;;;FALSE
Q821557;MS03-027;Unchecked Buffer in Windows Shell Could Enable System Compromise;replaced;Replaced by Q839645;;;;;;;;;;;;;;FALSE
Q819696;MS03-030;Unchecked Buffer in DirectX Could Enable System Compromise;none;Install DirectX9.0c instead;;;;;;;;;;;;;;FALSE
Q821279;MS03-031;Cumulative Patch for Microsoft SQL Server 7 SP4;q815495-sql7-sp4-rollup.exe /s /a /q;;;;;x;x;x;x;x;x;x;x;;"FileGetVersion(""C:\MSSQL7\Binn\distrib.exe"")>""2000.2.8.0""";"RegRead($HSM & ""\MSSQLServer\MSSQLServer\CurrentVersion"",""CSDVersion"")=""7.00.1063"" "
Q821227;MS03-031;Cumulative Patch for Microsoft SQL Server 2000 SP3;q815495-sql2000-sp3-rollup.exe /s /a /q;Wat zijn de criteria?;;;;;;;;;;;;;;FALSE
Q823718;MS03-033;Unchecked Buffer in MDAC Function Could Enable System Compromise;replaced;Replaced by Q832483;;;;;;;;;;;;;;FALSE
Q824105;MS03-034;Flaw in NetBIOS Could Lead to Information Disclosure;Q824105-Netbios.exe -u -n -z -q;;;;;x;x;;x;x;x;;x;;"RegRead($HSM & ""\Windows NT\CurrentVersion\HotFix\KB824105"",""Installed"")=1";1
Q827103;MS03-036;;replaced;Replaced by Q884933;;;;;;;;;;;;;;FALSE
Q822715;MS03-037;Flaw in Visual Basic for Applications Could Allow Arbitrary Code Execution;Q822150-VBA.cmd /q:a /r:n;;x;x;x;x;x;x;x;x;x;;x;;"RegRead($HSM & ""\Updates\VBA\Q822150"",""IsInstalled"")=1";"FileExists(@CommonFilesDir & ""\Microsoft Shared\VBA\vbe.dll"") or FileExists(@CommonFilesDir & ""\Microsoft Shared\VBA\VBA6\vbe6.dll"")"
Q824146;MS03-039;Buffer Overrun In RPCSS Service Could Allow Code Execution;replaced;Replaced by Q828741;;;;;;;;;;;;;;FALSE
Q822831;;Driver Installation Program Does Not Install Device Drivers;Q822831-device-drivers.exe -u -n -z -q;Only Win2000 SP3 and SP4;;;;;;;x;;;;;;"RegRead($HSM & ""\Windows NT\CurrentVersion\HotFix\KB822831"",""Installed"")=1";1
Q828026;;Vulnerability in Windows Media Player URL handling;Q828026-mplayer.exe /passive /norestart /n;Must install Q832353 ALSO!;;x;x;x;x;x;x;x;x;x;x;;"RegRead($HSM & ""\Updates\Windows Media Player\q828026"",""IsInstalled"")=1 or RegRead($HSM & ""\Updates\Windows Media Player\wm828026"",""IsInstalled"")=1 ";"FileExists(@SystemDir & ""\wmp.dll"") and (FileGetVersion( @SystemDir & ""\wmp.dll"")<""9.0.0.3128"" or FileGetVersion( @SystemDir & ""\Msdxm.ocx"")<""6.4.9.1128"" )"
Q832353;;Media Player FIX: Some URL script commands do not work after you apply Q828026;Q832353-Mediaplayer.exe /passive /norestart /n;;;x;x;x;x;x;x;x;x;x;x;;"RegRead($HSM & ""\Updates\Windows Media Player\KB832353"",""IsInstalled"")=1 ";"FileExists(@SystemDir & ""\wmp.dll"") and FileGetVersion( @SystemDir & ""\wmp.dll"")<""9.0.0.3128"""
Q828750;MS03-040;Cumulative Patch for Internet Explorer;replaced;Replaced by Q824145;;;;;;;;;;;;;;FALSE
Q823182;MS03-041;Vulnerability in Authenticode Verification Could Allow Remote Code Execution;Q823182-Authenticode.exe -u -n -z -q;Not for Win2000 SP2;;;;;x;;x;x;x;;x;;"RegRead($HSM & ""\Windows NT\CurrentVersion\HotFix\KB823182"",""Installed"")=1";1
Q823182;MS03-041;Vulnerability in Authenticode Verification Could Allow Remote Code Execution (Win 2000 SP2);Q823182-Authenticode-SP2.exe -u -n -z -q;Only for Win2000 SP2;;;;;;x;;;;;;;"RegRead($HSM & ""\Windows NT\CurrentVersion\HotFix\KB823182"",""Installed"")=1";1
Q826232;MS03-042;Buffer Overflow in Windows Troubleshooter ActiveX Control Could Allow Code Execution;Q826232-tshoot.exe -u -n -z -q;Only for Win2000;;;;;;x;x;;;;;;"RegRead($HSM & ""\Windows NT\CurrentVersion\HotFix\KB826232"",""Installed"")=1";1
Q828035;MS03-043;Buffer Overrun in Messenger Service Could Allow Code Execution;Q828035-Messenger.exe -u -n -z -q;;;;;x;x;x;x;x;x;;x;;"RegRead($HSM & ""\Windows NT\CurrentVersion\HotFix\KB828035"",""Installed"")=1";1
Q825119;MS03-044;Buffer Overrun in Windows Help and Support Center Could Lead to System Compromise;Q825119-help-support.exe -u -n -z -q;Not for Win2000 SP2;;;x;;x;;x;x;x;;x;;"RegRead($HSM & ""\Windows NT\CurrentVersion\HotFix\KB825119"",""Installed"")=1";1
Q825119;MS03-044;Buffer Overrun in Windows Help and Support Center (Win 2000 SP2);Q825119-help-support-SP2.exe -u -n -z -q;Only for Win2000 SP2;;;;;;x;;;;;;;"RegRead($HSM & ""\Windows NT\CurrentVersion\HotFix\KB825119"",""Installed"")=1";1
Q824141;MS03-045;Buffer Overrun in the ListBox and in the ComboBox Control Could Allow Code Execution;replaced;Replaced by Q891711;;;;;;;;;;;;;"RegRead($HSM & ""\Windows NT\CurrentVersion\HotFix\KB824141"",""Installed"")=1";FALSE
Q824141;MS03-045;Buffer Overrun in the ListBox and in the ComboBox Control Could Allow Code Execution (Win2000 SP2);Q824141-list-combobox-SP2.exe -u -n -z -q;Only for Win2000 SP2;;;;;;x;;;;;;;"RegRead($HSM & ""\Windows NT\CurrentVersion\HotFix\KB824141"",""Installed"")=1";1
Q829436;MS03-046;Vulnerability in Exchange Server Could Allow Arbitrary Code Execution;none;Just for information;;;;;;;;;;;;;;FALSE
Q828489;MS03-047;Vulnerability in Exchange Server 5.5 Outlook Web Access Could Allow Cross-Site Scripting Attack;none;Just for information;;;;;;;;;;;;;;FALSE
Q824145;MS03-048;Cumulative Security Update for Internet Explorer;replaced;Replaced by Q832894;;;;;;;;;;;;;;FALSE
Q828749;MS03-049;Buffer Overrun in the Workstation Service Could Allow Code Execution;Q828749-workstation.exe /passive /norestart;WinXP uses Q828035;;;;;;x;x;;;;;;"RegRead($HSM & ""\Windows NT\CurrentVersion\HotFix\KB828749"",""Installed"")=1";1
Q831527;MS03-050;Vulnerability in Microsoft Word and Microsoft Excel Could Allow Arbitrary Code to Run;none;Just for information;;;;;;;;;;;;;;FALSE
Q813360;MS03-051;Buffer Overrun in Microsoft FrontPage Server Extensions Could Allow Code Execution;none;Just for information;;;;;;;;;;;;;;FALSE
Q820888;;Computer stops responding when it tries to mount an NTFS volume after you restart;Q820888-ntfs.exe -u -n -z -q;;;;;;;;x;;;;;;"RegRead($HSM & ""\Windows NT\CurrentVersion\HotFix\KB820888"",""Installed"")=1";1
Q816458;MS04-001;Vulnerability in Microsoft Internet Security and Acceleration Server 2000 H.323 Filter;none;Just for information;;;;;;;;;;;;;;FALSE
Q832759;MS04-002;Vulnerability in Exchange Server 2003 Could Lead to Privilege Escalation;none;Just for information;;;;;;;;;;;;;;FALSE
Q832483;MS04-003;Buffer Overrun in MDAC Function Could Allow Code Execution;"Q832483-mdac.exe /c:""dahotfix.exe /q /n"" /q";Not for WinXP SP2;;;;;;x;x;x;x;;x;;"RegRead($HSM & ""\Updates\DataAccess\Q832483"",""IsInstalled"")=1 ";"RegRead($HSM & ""\DataAccess"",""Version"")>=""2.80.1022.3"""
Q832894;MS04-004;Cumulative Security Update for Internet Explorer ;replaced;Replaced by Q867801;;;;;;;;;;;;;;FALSE
Q835150;MS04-005;Vulnerability in Virtual PC for Mac Could Allow Privilege Elevation;none;Just for information;;;;;;;;;;;;;;FALSE
Q830352;MS04-006;Vulnerability in the Windows Internet Naming Service (WINS) Could Allow Code Execution;none;Just for information;;;;;;;;;;;;;;FALSE
Q828028;MS04-007;ASN.1 Vulnerability Could Allow Code Execution;replaced;Replaced by Q835732;;;;;;;;;;;;;;FALSE
Q832359;MS04-008;Vulnerability in Windows Media Services Could Allow a Denial of Service;none;Just for information;;;;;;;;;;;;;;FALSE
Q828040;MS04-009;Vulnerability in Microsoft Outlook 2000/2002 Could Allow Code Execution;none;Just for information;;;;;;;;;;;;;;FALSE
Q838512;MS04-010;Vulnerability in MSN Messenger 6.0/6.1 Could Allow Information Disclosure;none;Just for information;;;;;;;;;;;;;;FALSE
Q835732;MS04-011;Several Security Updates for Microsoft Windows;Q835732-cumulative.EXE /passive /norestart;;;;;;x;x;x;x;x;;x;;"RegRead($HSM & ""\Windows NT\CurrentVersion\HotFix\KB835732"",""Installed"")=1 ";1
Q828741;MS04-012;Cumulative Update for Microsoft RPC/DCOM;Q828741-RPC-cumulative.EXE /passive /norestart;;;;;;x;x;x;x;x;;x;;"RegRead($HSM & ""\Windows NT\CurrentVersion\HotFix\KB828741"",""Installed"")=1";1
Q837009;MS04-013;Cumulative Security Update for Outlook Express 5.5/6.0;replaced;Replaced by Q823353;;;;;;;;;;;;;;FALSE
Q837001;MS04-014;Vulnerability in the Microsoft Jet Database Engine Could Allow Code Execution;Q837001-Jet4.EXE /passive /norestart;;;;;;x;x;x;x;x;;x;;"RegRead($HSM & ""\Windows NT\CurrentVersion\HotFix\KB837001"",""Installed"")=1";1
Q870669;;How to disable the ADODB.Stream object from Internet Explorer;Q870669-ADODB.exe /q:a /r:n;;x;x;x;x;x;x;x;x;x;x;x;;"RegRead($HSM & ""\Internet Explorer\ActiveX Compatibility\{00000566-0000-0010-8000-00AA006D2EA4}"",""Compatibility Flags"")=1024";1
Q840374;MS04-015;Vulnerability in Help and Support Center Could Allow Remote Code Execution;Q840374-helpsupport.exe /passive /norestart;;;;;;;;;x;x;;x;;"RegRead($HSM & ""\Windows NT\CurrentVersion\HotFix\KB840374"",""Installed"")=1";1
Q833407;;Update for the Bookshelf Symbol 7 font;Q833407-Bookshelf-font.exe /passive /norestart;;;;;;;x;x;x;x;x;x;;"RegRead($HSM & ""\Windows NT\CurrentVersion\HotFix\KB833407"",""Installed"")=1 ";"FileExists(@WindowsDir & ""\fonts\bssym7.ttf"")"
Q839643;MS04-016;DirectX version 9.0c;Q839643-DirectX90c.bat;Warning: in ..\DirectX directory!;;;;;;x;x;x;x;;x;;"FileGetVersion(@SystemDir & ""\dplayx.dll"") >= ""5.3.1.904""";"FileExists(@SystemDir & ""\dplayx.dll"") and (FileGetVersion(@SystemDir & ""\crypt32.dll"") > ""5.131.2195.6661"")"
Q842689;MS04-017;Vulnerability in Crystal Reports Web Viewer Could Allow Information Disclosure and Denial of Service;none;Just for information;;;;;;;;;;;;;;FALSE
Q823353;MS04-018;Cumulative Security Update for Outlook Express 5.5;Q823353-OutlookExpress5.5sp2-cumulative.exe /q:a /r:n;;;;;x;x;x;x;;;;;;"RegRead($HSM & ""\Active Setup\Installed Components\{F5173CF0-1DFB-4978-8E50-A90169EE7CA9}"",""IsInstalled"")=1";"StringLeft(RegRead($HSM & ""\Outlook Express\Version Info"",""Current""),4)=""5,50"""
Q823353;MS04-018;Cumulative Security Update for Outlook Express 6.0sp1;Q823353-OutlookExpress6.0sp1-cumulative.exe /q:a /r:n;;;;;;;;;x;x;x;;;"RegRead($HSM & ""\Active Setup\Installed Components\{F5173CF0-1DFB-4978-8E50-A90169EE7CA9}"",""IsInstalled"")=1";"StringLeft(RegRead($HSM & ""\Outlook Express\Version Info"",""Current""),8)=""6,0,2600"""
Q823353;MS04-018;Cumulative Security Update for Outlook Express 6.0 on Windows 2003;Q823353-OutlookExpress6.0-cumulative.exe /passive /norestart;Only for Win2003;;;;;;;;;;;x;;"RegRead($HSM & ""\Windows NT\CurrentVersion\HotFix\KB823353"",""Installed"")=1";"StringLeft(RegRead($HSM & ""\Outlook Express\Versiob Info"",""Current""),8)=""6,0,3790"""
Q842526;MS04-019;Vulnerability in Utility Manager Could Allow Code Execution;Q842526-utilman.exe /passive /norestart;;;;;;;x;x;;;;;;"RegRead($HSM & ""\Windows NT\CurrentVersion\HotFix\KB842526"",""Installed"")=1";1
Q841872;MS04-020;Vulnerability in POSIX Could Allow Code Execution;Q841872-posix.exe /passive /norestart;;;;;;x;x;x;;;;;;"RegRead($HSM & ""\Windows NT\CurrentVersion\HotFix\KB841872"",""Installed"")=1";1
Q841373;MS04-021;Security Update for IIS 4.0 ;Q841373-iis4.exe -m -n -z -q;;;;;x;x;;;;;;;;"RegRead($HSM & ""\Windows NT\CurrentVersion\HotFix\KB841373"",""Installed"")=1 ";"FileExists(@SystemDir & ""\w3svc.dll"")"
Q841873;MS04-022;Vulnerability in Task Scheduler Could Allow Code Execution;Q841873-taskscheduler.exe /passive /norestart;see also: KB873345 web page;;;;;;x;x;x;x;;;;"RegRead($HSM & ""\Windows NT\CurrentVersion\HotFix\KB841873"",""Installed"")=1 ";1
Q840315;MS04-023;Vulnerability in HTML Help Could Allow Code Execution;Q840315-HtmlHelp.exe /passive /norestart;;;;;;;x;x;x;x;;x;;"RegRead($HSM & ""\Windows NT\CurrentVersion\HotFix\KB840315"",""Installed"")=1";"FileGetVersion(@SystemDir & ""\itss.dll"")<""5.2.3790.185"""
Q839645;MS04-024;Vulnerability in Windows Shell Could Allow Remote Code Execution;Q839645-WindowsShell.exe /passive /norestart;;;;;;;x;x;x;x;;x;;"RegRead($HSM & ""\Windows NT\CurrentVersion\HotFix\KB839645"",""Installed"")=1";1
Q867801;MS04-025;Cumulative Security Update for Internet Explorer 5.5sp2;replaced;Replaced by Q834707;;;;;;;;;;;;;;FALSE
Q833330;;Blaster worm and Nachi worm removal tool;Q833330-BlasterTool.exe /passive /norestart;;;;;;;x;x;x;x;;;;"RegRead($HSM & ""\Windows\CurrentVersion\Uninstall\KB833330"",""NoModify"")=1";1
Q842436;MS04-026;Vulnerability in Exchange Server 5.5 Outlook Web Access;none;Just for information;;;;;;;;;;;;;;FALSE
Q884933;MS04-027;Vulnerability in WordPerfect Converter Could Allow Code Execution;none;Just for information;;;;;;;;;;;;;;FALSE
Q833987;MS04-028;Buffer Overrun in JPEG Processing (GDI+) Could Allow Code Execution;Q833987-GDIplus.EXE /passive /norestart;Is also Q873374;;;;;;;;x;x;;x;;"RegRead($HSM & ""\Windows NT\CurrentVersion\HotFix\KB833987"",""Installed"")=1";1
Q833989;MS04-028;Buffer Overrun in JPEG Processing (GDI+) Could Allow Code Execution (IE6.0sp1);Q833989-IE60sp1-update.exe /q:a /r:n /n:v;force install also on XP;;;;;;x;x;x;x;;x;;"RegRead($HSM & ""\Active Setup\Installed Components\{dc0d5f50-5f0b-46bf-8683-93ac61c67001}"", ""IsInstalled"")=1";"StringLeft(RegRead($HSM & ""\Internet Explorer"",""Version""),8)=""6.0.2600"""
Q873350;MS04-029;Vulnerability in RPC Runtime Library Could Allow Information Disclosure and Denial of Service;Q873350-RPC.exe /m /n /z /q;;;;;;x;;;;;;;;"RegRead($HSM & ""\Windows NT\CurrentVersion\HotFix\KB873350"",""Installed"")=1";1
Q824151;MS04-030;Vulnerability in WebDAV XML Message Handler Could Lead to a Denial of Service ;Q824151-IIS-WebDav.EXE /passive /norestart;;;;;;;;x;x;x;;x;;"RegRead($HSM & ""\Windows NT\CurrentVersion\HotFix\KB824151"",""Installed"")=1";"FileGetVersion(@SystemDir & ""\msxml3.dll"")<=""8.40.9419.0"""
Q841533;MS04-031;Vulnerability in NetDDE Could Allow Remote Code Execution;Q841533-NetDDE.exe /passive /norestart;;;;;;x;;x;x;x;;x;;"RegRead($HSM & ""\Windows NT\CurrentVersion\HotFix\KB841533"",""Installed"")=1";1
Q840987;MS04-032;Several Security Updates for Microsoft Windows;Q840987-SecurityUpdate.exe /passive /norestart;;;;;;x;;x;x;x;;x;;"RegRead($HSM & ""\Windows NT\CurrentVersion\HotFix\KB840987"",""Installed"")=1";1
Q886836;MS04-033;Vulnerability in Microsoft Excel Could Allow Remote Code Execution;none;Just for information;;;;;;;;;;;;;;FALSE
Q873376;MS04-034;Vulnerability in compressed (zipped) folders could allow code execution;Q873376-zipfolders.exe /passive /norestart;;;;;;;;;x;x;;x;;"RegRead($HSM & ""\Windows NT\CurrentVersion\HotFix\KB873376"",""Installed"")=1";1
Q885881;MS04-035;Vulnerability in SMTP Could Allow Remote Code Execution;none;Just for information;;;;;;;;;;;;;;FALSE
Q883935;MS04-036;Vulnerability in NNTP Could Allow Remote Code Execution;none;Just for information;;;;;;;;;;;;;;FALSE
Q841356;MS04-037;Vulnerability in Windows Shell Could Allow Remote Code Execution;Q841356-shell.exe /passive /norestart;;;;;;x;;x;x;x;;x;;"RegRead($HSM & ""\Windows NT\CurrentVersion\HotFix\KB841356"",""Installed"")=1";1
Q834707;MS04-038;Cumulative Security Update for Internet Explorer 6.0sp1;replaced;Replaced by Q889293;;;;;;;;;;;;;;FALSE
Q834707;MS04-038;Cumulative Security Update for Internet Explorer 6.0 on WinXP SP2;replaced;Replaced by Q867282;;;;;;;;;;x;;;"RegRead($HSM & ""\Windows NT\CurrentVersion\HotFix\KB834707"",""Installed"")=1";FALSE
Q842773;;Background Intelligent Transfer Service (BITS) version 2.0 and WinHTTP 5.1;Q842773-BITS20-WinHTTP51.exe /passive /norestart;;;;;;;;x;x;x;;;;"RegRead($HSM & ""\Windows NT\CurrentVersion\HotFix\KB842773"",""Installed"")=1";1
Q883357;;Your backup program may fail or incorrectly exclude some files from your backup in Windows XP;Q883357-BITS20-Patch.exe /passive /norestart;;;;;;;;;x;x;;;;"RegRead($HSM & ""\Windows NT\CurrentVersion\HotFix\KB883357"",""Installed"")=1";"RegRead($HSM & ""\Windows NT\CurrentVersion\HotFix\KB842773"",""Installed"")=1"
Q867460;;NET Framework 1.1 Service Pack 1 ;..\NET-FrameWork\Q867460-NET-FrameWork1.1-SP1.exe /I /Q;;;;;;;;x;x;x;x;;;"RegRead($HSM & ""\NET Framework Setup\NDP\v1.1.4322"",""SP"")=1";"RegRead($HSM & ""\.NETFramework"",""InstallRoot"")<>"""" and RegRead($HSM & ""\NET Framework Setup\NDP\v1.1.4322"",""SP"")=0"
Q867460;;NET Framework 1.1 Service Pack 1 for Windows 2003;Q867460-NET-FrameWork1.1-SP1.exe /passive /norestart;different parameters for win2003;;;;;;;;;;;x;;"RegRead($HSM & ""\NET Framework Setup\NDP\v1.1.4322"",""SP"")=1";"RegRead($HSM & ""\NET Framework Setup\NDP\v1.1.4322"",""SP"")=0"
SUNJAVA;;Sun Java Runtime version 1.4.2_06;SunJava.bat;;;;;;;x;x;x;x;x;;;"RegRead($HSM & ""\JavaSoft\Java Web Start"",""CurrentVersion"") >= ""1.4.2_06""";"FileExists(@ProgramFilesDir & ""\Java"") and RegRead($HSM & ""\JavaSoft\Java Web Start"",""CurrentVersion"") <> """""
Q888258;MS04-039;Vulnerability in ISA Server 2000 and Proxy Server 2.0 Could Allow Internet Content Spoofing;none;Just for information;;;;;;;;;;;;;;FALSE
Q889293;MS04-040;Cumulative Security Update for Internet Explorer 6sp1 on Windows 2000/XP;replaced;Replaced by Q867282;;;;;;x;x;x;x;;;;"RegRead($HSM & ""\Active Setup\Installed Components\{839117ee-2132-4bae-a56a-42b50204c9b9}"",""IsInstalled"")=1";FALSE
Q889293;MS04-040;Cumulative Security Update for Internet Explorer 6sp1 on Windows 9x/NT4;Q889293-IE60sp1-Cumulative.exe /q:a /r:n;;;x;x;x;x;;;;;;;;"RegRead($HSM & ""\Active Setup\Installed Components\{839117ee-2132-4bae-a56a-42b50204c9b9}"",""IsInstalled"")=1";"StringLeft(RegRead($HSM & ""\Internet Explorer"",""Version""),3)=""6.0"""
Q843188;;Office 2003 Service Pack 1 for proofing tools;Office2003ProofingSP1.bat;In ..\office2003 directory !;;;;;;x;x;x;x;x;;;"FileGetTime(@CommonFilesDir&""\Microsoft Shared\PROOF\1043\MSGRNL32.DLL"",0,1)>=""20031030141500""";"FileGetVersion(@CommonFilesDir&""\Microsoft Shared\PROOF\1043\MSGRNL32.DLL"")>=""7.0.0.0"""
Adobe602;;Adobe Acrobat Reader 6.0.2 update;AdobeReader602.bat;In H:\appl95\Acrobat Reader directory!!;;;x;x;x;x;x;x;x;x;;;"RegRead(""HKLM\Software\Adobe\Acrobat Reader\6.0\602Update"","""")=""6.0.2""";"RegRead(""HKLM\Software\Adobe\Acrobat Reader\6.0\Installer"","""")=""Reader Big"""
Q885836;MS04-041;Vulnerability in WordPad Could Allow Code Execution;Q885836-Wordpad.exe /passive /norestart;;;;;;x;;x;x;x;x;x;;"RegRead($HSM & ""\Windows NT\CurrentVersion\HotFix\KB885836"",""Installed"")=1";"FileExists(@SystemDir & ""\dllcache\wordpad.exe"") or FileExists(@ProgramFilesDir & ""\Windows NT\Accessories\wordpad.exe"")"
Q885249;MS04-042;Vulnerability in DHCP Could Allow Remote Code Execution and Denial of Service;none;Just for information;;;;;;;;;;;;;;FALSE
Q873339;MS04-043;Vulnerability in HyperTerminal Could Allow Code Execution;Q873339-Hyperterminal.exe /passive /norestart;;;;;x;x;;x;x;x;x;x;;"RegRead($HSM & ""\Windows NT\CurrentVersion\HotFix\KB873339"",""Installed"")=1";"FileExists(@SystemDir & ""\hypertrm.dll"")"
Q885835;MS04-044;Vulnerabilities in Windows Kernel and LSASS Could Allow Elevation of Privilege;Q885835-Kernel.exe /passive /norestart;;;;;;x;;x;x;x;x;x;;"RegRead($HSM & ""\Windows NT\CurrentVersion\HotFix\KB885835"",""Installed"")=1";1
Q870763;MS04-045;Vulnerability in WINS Could Allow Remote Code Execution;none;Just for information;;;;;;;;;;;;;;FALSE
Q890175;MS05-001;Vulnerability in HTML Help Could Allow Code Execution;Q890175-HTMLhelp.exe /passive /norestart;;;;;;;;x;x;x;x;x;;"RegRead($HSM & ""\Windows NT\CurrentVersion\HotFix\KB890175"",""Installed"")=1 or RegRead($HSM & ""\Windows NT\CurrentVersion\HotFix\Q890175"",""Installed"")=1";1
Q891711;MS05-002;Vulnerability in Cursor and Icon Format Handling Could Allow Remote Code Execution;Q891711-Cursor-Icon.exe /passive /norestart;Note: replaced by MS05-018 for 2000 and XP !;;;;;x;;;;;;x;;"RegRead($HSM & ""\Windows NT\CurrentVersion\HotFix\KB891711"",""Installed"")=1";1
Q871250;MS05-003;Vulnerability in the Indexing Service Could Allow Remote Code Execution;Q871250-IndexingService.exe /passive /norestart;;;;;;;;x;x;x;;x;;"RegRead($HSM & ""\Windows NT\CurrentVersion\HotFix\KB871250"",""Installed"")=1";1
Q887219;MS05-004;ASP.NET Path Validation Vulnerability;Q887219-ASP-Net.exe /q;Only for .NET Framework 1.1sp1;;;;;;;x;x;x;x;;;"RegRead($HSM & ""\Active Setup\Installed Components\{8EFA4753-7169-4CC3-A28B-0A1643B8A39B}"",""IsInstalled"")=1";"RegRead($HSM & ""\NET Framework Setup\NDP\v1.1.4322"",""SP"")=1"
Q887219;MS05-004;ASP.NET Path Validation Vulnerability;Q887219-ASP-Net.exe /passive /norestart;Same patch, different parameters;;;;;;;;;;;x;;"RegRead($HSM & ""\Updates\.NETFramework\1.1\KB886903"",""Installed"")=1";"RegRead($HSM & ""\NET Framework Setup\NDP\v1.1.4322"",""SP"")=1"
Q873352;MS05-005;Vulnerability in Microsoft Office XP could allow Remote Code Execution;none;Just for information;;;;;;;;;;;;;;FALSE
Q887981;MS05-006;Vulnerability in Windows SharePoint Services and SharePoint Team Services;none;Just for information;;;;;;;;;;;;;;FALSE
Q888302;MS05-007;Vulnerability in Windows Could Allow Information Disclosure;Q888302-Named-Pipes.exe /passive /norestart;;;;;;;;;x;x;x;;;"RegRead($HSM & ""\Windows NT\CurrentVersion\HotFix\KB888302"",""Installed"")=1";1
Q890047;MS05-008;Vulnerability in Windows Shell Could Allow Remote Code Execution;replaced;Replaced by Q893086;;;;;;;;;;;;;;FALSE
Q890261;MS05-009;Vulnerability in PNG Processing Could Allow Remote Code Execution;Q885492-Mplayer9.exe /passive /norestart;;;;;;;;x;x;x;;x;;"RegRead($HSM & ""\Updates\Windows Media Player 9\KB885492"",""PackageVersion"")=""1.1""";"FileExists(@SystemDir & ""\wmp.dll"") and StringLeft(FileGetVersion(@SystemDir & ""\wmp.dll""),1)=""9"""
Q885834;MS05-010;Vulnerability in the License Logging Service Could Allow Code Execution;Q885834-LicenseLogging.exe /passive /norestart;win2k server version not included;;;;;;;;;;;x;;"RegRead($HSM & ""\Windows NT\CurrentVersion\HotFix\KB885834"",""Installed"")=1";1
Q885250;MS05-011;Vulnerability in Server Message Block Could Allow Remote Code Execution;Q885250-SMB.exe /passive /norestart;;;;;;;;x;x;x;x;x;;"RegRead($HSM & ""\Windows NT\CurrentVersion\HotFix\KB885250"",""Installed"")=1";1
Q873333;MS05-012;Vulnerability in OLE and COM Could Allow Remote Code Execution;Q873333-OLE-COM.exe /passive /norestart;;;;;;;;x;x;x;x;x;;"RegRead($HSM & ""\Windows NT\CurrentVersion\HotFix\KB873333"",""Installed"")=1";1
Q891781;MS05-013;Vulnerability in the DHTML Editing Component ActiveX Control;Q891781-DHTML.exe /passive /norestart;;;;;;;;x;x;x;x;x;;"RegRead($HSM & ""\Windows NT\CurrentVersion\HotFix\KB891781"",""Installed"")=1";1
Q867282;MS05-014;Cumulative Security Update for Internet Explorer 6;replaced;Replaced by Q890923;;;;;;;x;x;x;;x;;"RegRead($HSM & ""\Windows NT\CurrentVersion\HotFix\KB867282-IE6SP1-20050127.163319"",""Installed"")=1 or RegRead($HSM & ""\Windows NT\CurrentVersion\HotFix\KB867282"",""Installed"")=1";FALSE
Q867282;MS05-014;Cumulative Security Update for Internet Explorer 6 For Windows XP SP2;replaced;Replaced by Q890923;;;;;;;;;;x;;;"RegRead($HSM & ""\Active Setup\Installed Components\{02f78298-8af6-495c-9ecb-b6ae68678186}"",""IsInstalled"")=1 or RegRead($HSM & ""\Windows NT\CurrentVersion\HotFix\KB867282"",""Installed"")=1";FALSE
Q888113;MS05-015;Vulnerability in Hyperlink Object Library Could Allow Remote Code Execution;Q888113-Hyperlink.exe /passive /norestart;;;;;;;;x;x;x;x;x;;"RegRead($HSM & ""\Windows NT\CurrentVersion\HotFix\KB888113"",""Installed"")=1";1
Q887742;;Stop error '0x05 INVALID_PROCESS_ATTACH_ATTEMPT' in http.sys;Q887742-HTTP-SP2.exe /passive /norestart;Only WinXP SP2;;;;;;;;;;x;;;"RegRead($HSM & ""\Updates\Windows XP\SP3\KB887742"",""Type"")=""Update""";1
Q886185;;"Update for Windows Firewall ""My Network (subnet) only"" scoping";Q886185-firewall.exe /passive /norestart;Only WinXP SP2;;;;;;;;;;x;;;"RegRead($HSM & ""\Windows NT\CurrentVersion\HotFix\KB886185"",""Installed"")=1";1
Q893086;MS05-016;Vulnerability in Windows Shell Could Allow Remote Code Execution;Q893086-shell.exe /passive /norestart;;;;;;;;x;x;x;x;x;;"RegRead($HSM & ""\Windows NT\CurrentVersion\HotFix\KB893086"",""Installed"")=1";1
Q892944;MS05-017;Vulnerability in Message Queuing Could Allow Code Execution;Q892944-MSMQ.exe /passive /norestart;;;;;;;;x;;x;;;;"RegRead($HSM & ""\Windows NT\CurrentVersion\HotFix\KB892944"",""Installed"")=1";1
Q890859;MS05-018;Vulnerabilities in Windows Kernel Could Allow Elevation of Privilege;Q890859-kernel.exe /passive /norestart;;;;;;;;x;x;x;x;x;;"RegRead($HSM & ""\Windows NT\CurrentVersion\HotFix\KB890859"",""Installed"")=1";1
Q893066;MS05-019;Vulnerabilities in TCP/IP Could Allow Remote Code Execution;Q893066-TCPIP.EXE /passive /norestart;;;;;;;;x;x;x;x;x;;"RegRead($HSM & ""\Windows NT\CurrentVersion\HotFix\KB893066"",""Installed"")=1";1
Q890923;MS05-020;Cumulative Security Update for Internet Explorer 6 SP1;Q890923-IE60sp1-cumulative.exe /passive /norestart;Also win2003;;;;;;;x;x;x;;x;;"RegRead($HSM & ""\Windows NT\CurrentVersion\HotFix\KB890923-IE6SP1-20050225.103456"",""Installed"")=1 or RegRead($HSM & ""\Windows NT\CurrentVersion\HotFix\KB890923"",""Installed"")=1";"StringLeft(RegRead($HSM & ""\Internet Explorer"",""Version""),8)=""6.0.2800"" or StringLeft(RegRead($HSM & ""\Internet Explorer"",""Version""),8)=""6.0.3790"""
Q890923;MS05-020;Cumulative Security Update for Internet Explorer 6 on Windows XP SP2;Q890923-IE60SP2-cumulative.exe /passive /norestart;Only for WinXP SP2;;;;;;;;;;x;;;"RegRead($HSM & ""\Active Setup\Installed Components\{04d6265d-6b5d-41c3-9e7c-48be15919643}"",""IsInstalled"")=1 or RegRead($HSM & ""\Windows NT\CurrentVersion\HotFix\KB890923"",""Installed"")=1";"StringLeft(RegRead($HSM & ""\Internet Explorer"",""Version""),8)=""6.0.2900"""
Q894549;MS05-021;Vulnerability in Exchange Server Could Allow Remote Code Execution ;none;Just for information;;;;;;;;;;;;;;FALSE
Q896597;MS05-022;Vulnerability in MSN Messenger Could Lead to Remote Code Execution;none;Just for information;;;;;;;;;;;;;;FALSE
Q890169;MS05-023;Vulnerabilities in Microsoft Word 2000 May Lead to Remote Code Execution;;Q887977;;;;;;;;;;;;;;"StringInStr(RegRead($HSM & ""\Windows\CurrentVersion\App Paths\Winword.exe"",""Path""),""Office"",0,1)<>0"
Q890169;MS05-023;Vulnerabilities in Microsoft Word XP May Lead to Remote Code Execution;none;Q887978, just for information;;;;;;;;;;;;;;"StringInStr(RegRead($HSM & ""\Windows\CurrentVersion\App Paths\Winword.exe"",""Path""),""Office10"",0,1)<>0"
Q890169;MS05-023;Vulnerabilities in Microsoft Word 2003 May Lead to Remote Code Execution;;Q887979;;;;;;;;;;;;;;"StringInStr(RegRead($HSM & ""\Windows\CurrentVersion\App Paths\Winword.exe"",""Path""),""Office11"",0,1)<>0"
